<?xml version="1.0" encoding="UTF-8" standalone="yes"?>
<dnnParams>
    <networks>
        <network name="efficientnet_like_29class_quant" ordinal="0" type="">
            <inputTensors>
                <inputTensor persistency="1" ordinal="0" name="input_6:0" l2Offset="7782336" numOfDimensions="3" bitsPerElement="8" shift="0" scale="0.0078125" format="unsigned">
                    <dimensions>
                        <dimension size="224" serializationOrder="1" ordinal="0" padding="0"/>
                        <dimension size="224" serializationOrder="0" ordinal="1" padding="0"/>
                        <dimension size="3" serializationOrder="2" ordinal="2" padding="0"/>
                    </dimensions>
                </inputTensor>
            </inputTensors>
            <outputTensors>
                <outputTensor ordinal="0" name="transform-0-global_average_pooling2d_3_squeeze:0" l2Offset="5340608" numOfDimensions="1" bitsPerElement="8" shift="0" scale="0.03125" format="signed">
                    <dimensions>
                        <dimension size="192" serializationOrder="0" ordinal="0" padding="0"/>
                    </dimensions>
                </outputTensor>
            </outputTensors>
        </network>
    </networks>
    <l2memory totalSize="8388480" coefficientsSize="452000" reservedMemorySize="1024" networksRuntimeSize="2596896"/>
</dnnParams>
