<?xml version="1.0" encoding="UTF-8" standalone="yes"?>
<dnnParams>
    <networks>
        <network name="ghostnet_quantized_imx500_" ordinal="0" type="">
            <inputTensors>
                <inputTensor persistency="1" ordinal="0" name="input_2:0" l2Offset="7708832" numOfDimensions="3" bitsPerElement="8" shift="0" scale="0.0078125" format="unsigned">
                    <dimensions>
                        <dimension size="224" serializationOrder="1" ordinal="0" padding="0"/>
                        <dimension size="224" serializationOrder="0" ordinal="1" padding="0"/>
                        <dimension size="3" serializationOrder="2" ordinal="2" padding="0"/>
                    </dimensions>
                </inputTensor>
            </inputTensors>
            <outputTensors>
                <outputTensor ordinal="0" name="transform-0-dense_1_post_activation:0" l2Offset="6558880" numOfDimensions="1" bitsPerElement="8" shift="0" scale="0.00390625" format="unsigned">
                    <dimensions>
                        <dimension size="29" serializationOrder="0" ordinal="0" padding="0"/>
                    </dimensions>
                </outputTensor>
            </outputTensors>
        </network>
    </networks>
    <l2memory totalSize="8388480" coefficientsSize="523968" reservedMemorySize="1024" networksRuntimeSize="1305632"/>
</dnnParams>
