timestamp,frame_id,fps,latency_ms,top1_class,confidence,cpu_usage_percent,memory_usage_mb
1766686118.7965376,1,0.0,56.94,office_paper,0.063,14.6,1826.68
1766686118.8875906,2,0.0,45.57,office_paper,0.063,66.7,1826.91
1766686118.941043,3,0.0,49.66,office_paper,0.063,90.5,1826.91
1766686118.9865317,4,0.0,43.03,office_paper,0.063,94.4,1826.91
1766686119.0345192,5,0.0,42.94,office_paper,0.063,95.0,1826.91
1766686119.0966182,6,0.0,42.93,office_paper,0.063,76.0,1826.91
1766686119.1592581,7,0.0,42.74,office_paper,0.063,74.1,1826.91
1766686119.2220285,8,0.0,42.48,office_paper,0.063,72.0,1826.91
1766686119.2841487,9,0.0,41.62,office_paper,0.063,72.0,1826.91
1766686119.3501968,10,0.0,44.46,office_paper,0.063,68.0,1826.91
1766686119.41104,11,0.0,42.59,office_paper,0.063,73.9,1826.91
1766686119.4741604,12,0.0,42.86,office_paper,0.063,70.4,1826.91
1766686119.5376806,13,0.0,43.57,office_paper,0.063,72.0,1826.91
1766686119.60037,14,0.0,43.16,office_paper,0.063,76.0,1826.91
1766686119.6627202,15,0.0,42.62,office_paper,0.063,70.8,1826.91
1766686119.7258317,16,15.74,42.77,office_paper,0.063,73.1,1826.91
1766686119.788361,17,15.74,41.87,office_paper,0.063,70.8,1826.91
1766686119.852507,18,15.74,43.21,office_paper,0.063,70.4,1826.91
1766686119.9133673,19,15.74,40.86,office_paper,0.063,72.7,1826.91
1766686119.9776843,20,15.74,42.89,office_paper,0.063,69.2,1826.91
1766686120.0408297,21,15.74,43.05,office_paper,0.063,72.0,1826.91
1766686120.103814,22,15.74,43.04,office_paper,0.063,72.0,1826.91
1766686120.1676142,23,15.74,43.87,office_paper,0.063,73.1,1826.91
1766686120.229684,24,15.74,42.97,office_paper,0.063,75.0,1826.91
1766686120.292731,25,15.74,43.03,office_paper,0.063,70.8,1826.91
1766686120.3570964,26,15.74,44.35,office_paper,0.063,73.1,1826.91
1766686120.417359,27,15.74,41.55,office_paper,0.063,72.0,1826.91
1766686120.4821758,28,15.74,43.7,office_paper,0.063,70.8,1826.91
1766686120.5453033,29,15.74,43.82,office_paper,0.063,76.0,1826.91
1766686120.6073759,30,15.74,42.98,office_paper,0.063,72.0,1826.91
1766686120.6695766,31,15.74,42.1,office_paper,0.063,72.0,1826.91
1766686120.7325687,32,15.89,42.33,office_paper,0.063,70.8,1826.91
1766686120.7944834,33,15.89,41.08,office_paper,0.063,68.0,1826.91
1766686120.85953,34,15.89,43.13,office_paper,0.063,72.0,1827.04
1766686120.9215376,35,15.89,42.16,office_paper,0.063,72.0,1827.13
1766686120.9854596,36,15.89,43.26,office_paper,0.063,72.0,1827.13
1766686121.047305,37,15.89,42.18,office_paper,0.063,72.0,1827.13
1766686121.1106563,38,15.89,42.55,office_paper,0.063,68.0,1827.13
1766686121.1740494,39,15.89,42.9,office_paper,0.0631,75.0,1827.13
1766686121.236737,40,15.89,42.76,office_paper,0.063,72.0,1827.13
1766686121.298335,41,15.89,41.31,office_paper,0.063,70.8,1827.13
1766686121.363167,42,15.89,43.16,office_paper,0.063,71.4,1827.13
1766686121.4254966,43,15.89,42.46,office_paper,0.063,72.0,1827.13
1766686121.4983506,44,15.89,49.26,office_paper,0.063,77.8,1827.13
1766686121.5510085,45,15.89,41.46,office_paper,0.0631,81.0,1827.13
1766686121.615047,46,15.89,43.24,office_paper,0.0631,73.1,1827.13
1766686121.6766725,47,15.89,41.88,office_paper,0.063,73.1,1826.16
1766686121.7414362,48,15.88,43.71,office_paper,0.063,68.0,1826.14
1766686121.8039868,49,15.88,43.07,office_paper,0.063,76.0,1826.14
1766686121.8671052,50,15.88,43.13,office_paper,0.063,73.1,1826.14
1766686121.9300797,51,15.88,43.24,office_paper,0.063,72.0,1826.14
1766686121.9923894,52,15.88,42.65,office_paper,0.0631,72.0,1826.14
1766686122.0547423,53,15.88,41.86,office_paper,0.063,70.8,1826.14
1766686122.118307,54,15.88,42.74,office_paper,0.063,72.0,1826.39
1766686122.1820745,55,15.88,43.74,office_paper,0.063,72.0,1826.39
1766686122.2447264,56,15.88,43.16,office_paper,0.063,72.0,1826.39
1766686122.307474,57,15.88,42.9,office_paper,0.063,73.1,1826.39
1766686122.3730001,58,15.88,45.58,office_paper,0.063,64.0,1826.39
1766686122.4335873,59,15.88,43.17,office_paper,0.063,78.3,1826.39
1766686122.4966636,60,15.88,43.03,office_paper,0.0631,72.0,1826.39
1766686122.559722,61,15.88,43.34,office_paper,0.063,73.1,1826.39
1766686122.6217692,62,15.88,42.41,office_paper,0.063,70.8,1826.39
1766686122.6848173,63,15.88,42.57,office_paper,0.0631,72.0,1826.39
1766686122.7486684,64,15.88,43.56,office_paper,0.0631,72.0,1826.39
1766686122.8092663,65,15.88,40.99,office_paper,0.063,70.8,1826.39
1766686122.8736093,66,15.88,42.68,office_paper,0.0631,72.0,1826.39
1766686122.9377794,67,15.88,42.39,office_paper,0.063,69.2,1826.39
1766686123.0003223,68,15.88,43.3,office_paper,0.063,72.0,1826.39
1766686123.0643349,69,15.88,44.2,office_paper,0.063,72.0,1826.39
1766686123.124469,70,15.88,41.61,office_paper,0.063,73.9,1826.39
1766686123.1897628,71,15.88,43.33,office_paper,0.063,69.2,1826.39
1766686123.2510612,72,15.88,41.72,office_paper,0.063,72.0,1826.39
1766686123.314759,73,15.88,43.04,office_paper,0.063,70.8,1826.39
1766686123.375832,74,15.88,41.14,office_paper,0.063,73.1,1826.39
1766686123.4423013,75,15.88,44.57,office_paper,0.063,70.4,1826.39
1766686123.5040085,76,15.88,43.23,office_paper,0.063,72.0,1826.39
1766686123.5663934,77,15.88,42.86,office_paper,0.063,76.0,1826.39
1766686123.6288128,78,15.88,42.4,office_paper,0.063,72.0,1826.39
1766686123.6919954,79,15.88,42.3,office_paper,0.063,72.0,1824.77
1766686123.7555852,80,15.88,42.95,office_paper,0.063,69.2,1824.75
1766686123.8220494,81,15.88,46.63,office_paper,0.063,73.1,1824.75
1766686123.882232,82,15.88,43.72,office_paper,0.063,75.0,1824.74
1766686123.9438505,83,15.88,42.33,office_paper,0.0631,72.0,1824.74
1766686124.0076168,84,15.88,43.07,office_paper,0.063,72.0,1824.74
1766686124.0702693,85,15.88,42.8,office_paper,0.063,72.0,1824.74
1766686124.1342766,86,15.88,44.04,office_paper,0.063,72.0,1824.74
1766686124.1962214,87,15.88,42.76,office_paper,0.063,76.0,1824.74
1766686124.2595203,88,15.88,42.89,office_paper,0.0631,69.2,1824.74
1766686124.3222153,89,15.88,42.95,office_paper,0.063,75.0,1824.74
1766686124.3853593,90,15.88,43.09,office_paper,0.063,70.8,1824.74
1766686124.4494572,91,15.88,44.54,office_paper,0.0631,73.1,1824.74
1766686124.5105917,92,15.88,42.56,office_paper,0.0631,70.8,1824.74
1766686124.5735652,93,15.88,42.79,office_paper,0.063,73.1,1824.74
1766686124.636859,94,15.88,43.0,office_paper,0.063,72.0,1824.74
1766686124.7001011,95,15.88,43.13,office_paper,0.063,72.0,1823.03
1766686124.7635555,96,15.88,43.54,office_paper,0.063,73.1,1822.98
1766686124.826049,97,15.88,43.42,office_paper,0.063,75.0,1822.98
1766686124.8883624,98,15.88,42.56,office_paper,0.063,70.8,1822.98
1766686124.9502084,99,15.88,41.29,office_paper,0.063,72.0,1822.98
1766686125.0146775,100,15.88,43.08,office_paper,0.063,69.2,1822.98
1766686125.0761528,101,15.88,41.57,office_paper,0.063,73.1,1822.98
1766686125.1408024,102,15.88,43.27,office_paper,0.063,72.0,1822.98
1766686125.203709,103,15.88,43.07,office_paper,0.063,73.1,1822.98
1766686125.2668016,104,15.88,43.24,office_paper,0.063,70.8,1822.98
1766686125.329389,105,15.88,42.81,office_paper,0.063,73.1,1822.98
1766686125.3911037,106,15.88,41.48,office_paper,0.0631,72.0,1822.98
1766686125.456602,107,15.88,44.08,office_paper,0.063,70.4,1822.98
1766686125.5185738,108,15.88,43.05,office_paper,0.063,73.9,1822.98
1766686125.5814884,109,15.88,42.25,office_paper,0.063,74.1,1822.98
1766686125.6424167,110,15.88,40.97,office_paper,0.063,69.6,1822.98
1766686125.7067244,111,15.88,42.15,office_paper,0.0631,68.0,1820.34
1766686125.7703614,112,15.89,43.19,office_paper,0.063,73.1,1820.25
1766686125.8339603,113,15.89,43.4,office_paper,0.063,72.0,1820.25
1766686125.8959374,114,15.89,42.42,office_paper,0.063,73.1,1820.25
1766686125.958852,115,15.89,42.66,office_paper,0.063,69.6,1820.25
1766686126.0210717,116,15.89,42.06,office_paper,0.063,74.1,1820.25
1766686126.083107,117,15.89,41.07,office_paper,0.063,68.0,1820.25
1766686126.1495442,118,15.89,44.58,office_paper,0.063,73.1,1820.25
1766686126.2109742,119,15.89,42.94,office_paper,0.063,75.0,1820.25
1766686126.2737777,120,15.89,42.67,office_paper,0.063,73.1,1820.25
1766686126.337284,121,15.89,43.41,office_paper,0.063,70.8,1820.25
1766686126.3999393,122,15.89,43.19,office_paper,0.063,73.1,1820.25
1766686126.4634206,123,15.89,43.63,office_paper,0.063,73.1,1820.25
1766686126.526496,124,15.89,43.77,office_paper,0.063,72.0,1820.25
1766686126.587237,125,15.89,41.68,office_paper,0.063,76.0,1820.25
1766686126.651777,126,15.89,43.06,office_paper,0.063,69.2,1820.25
1766686126.714656,127,15.89,43.07,office_paper,0.063,72.0,1818.62
1766686126.7778702,128,15.89,43.48,office_paper,0.063,73.1,1818.34
1766686126.8418849,129,15.89,44.41,office_paper,0.063,75.0,1818.34
1766686126.9051282,130,15.89,42.72,office_paper,0.063,72.0,1818.83
1766686126.9664729,131,15.89,43.23,office_paper,0.0631,76.0,1818.84
1766686127.0288107,132,15.89,42.36,office_paper,0.063,72.0,1818.84
1766686127.0908604,133,15.89,41.57,office_paper,0.063,69.6,1818.84
1766686127.1553543,134,15.89,43.07,office_paper,0.063,70.4,1818.84
1766686127.2185397,135,15.89,43.2,office_paper,0.063,72.0,1818.84
1766686127.2802696,136,15.89,42.13,office_paper,0.063,73.1,1818.84
1766686127.3446279,137,15.89,43.5,office_paper,0.063,72.0,1818.84
1766686127.4063933,138,15.89,42.19,office_paper,0.0631,70.8,1818.84
1766686127.4687521,139,15.89,41.84,office_paper,0.0631,72.0,1818.84
1766686127.5350418,140,15.89,44.93,office_paper,0.063,72.0,1818.96
1766686127.5957499,141,15.89,42.66,office_paper,0.063,76.9,1819.08
1766686127.6583617,142,15.89,42.3,office_paper,0.063,68.0,1818.2
1766686127.7220447,143,15.89,43.13,office_paper,0.063,72.0,1818.0
1766686127.7850115,144,15.88,42.85,office_paper,0.063,72.0,1817.97
1766686127.8484983,145,15.88,43.51,office_paper,0.063,72.0,1817.97
1766686127.9112384,146,15.88,43.26,office_paper,0.063,76.0,1817.97
1766686127.9737487,147,15.88,43.14,office_paper,0.063,72.0,1817.97
1766686128.0364034,148,15.88,42.65,office_paper,0.063,73.1,1817.97
1766686128.10005,149,15.88,43.26,office_paper,0.063,72.0,1817.97
1766686128.1634758,150,15.88,43.8,office_paper,0.063,73.1,1817.97
1766686128.2274923,151,15.88,43.55,office_paper,0.0631,74.1,1817.97
1766686128.2885513,152,15.88,43.13,office_paper,0.0631,75.0,1817.97
1766686128.3510869,153,15.88,42.64,office_paper,0.063,72.0,1817.97
1766686128.4234567,154,15.88,52.03,office_paper,0.063,65.5,1817.97
1766686128.477511,155,15.88,43.23,office_paper,0.063,85.7,1817.97
1766686128.5410702,156,15.88,43.73,office_paper,0.063,72.0,1817.72
1766686128.6028507,157,15.88,42.48,office_paper,0.063,70.8,1817.72
1766686128.6664577,158,15.88,43.06,office_paper,0.063,73.1,1817.72
1766686128.7306316,159,15.88,41.57,office_paper,0.063,72.0,1816.95
1766686128.7923317,160,15.89,43.18,office_paper,0.063,73.1,1816.95
1766686128.8547194,161,15.89,41.89,office_paper,0.063,73.9,1816.95
1766686128.918166,162,15.89,43.26,office_paper,0.063,70.4,1816.95
1766686128.9798245,163,15.89,41.84,office_paper,0.063,75.0,1816.95
1766686129.04507,164,15.89,44.04,office_paper,0.063,69.2,1816.95
1766686129.107568,165,15.89,43.5,office_paper,0.063,75.0,1816.95
1766686129.1707697,166,15.89,44.09,office_paper,0.063,72.0,1816.95
1766686129.2334352,167,15.89,43.44,office_paper,0.063,72.0,1816.95
1766686129.2961879,168,15.89,43.19,office_paper,0.063,73.1,1816.95
1766686129.3597748,169,15.89,42.67,office_paper,0.063,72.0,1816.95
1766686129.421507,170,15.89,42.86,office_paper,0.063,73.9,1816.95
1766686129.482807,171,15.89,41.1,office_paper,0.0631,69.6,1816.95
1766686129.5495665,172,15.89,43.59,office_paper,0.063,69.0,1817.0
1766686129.610951,173,15.89,42.76,office_paper,0.063,73.9,1817.19
1766686129.673774,174,15.89,43.22,office_paper,0.063,73.1,1816.66
1766686129.735228,175,15.89,41.58,office_paper,0.063,72.0,1816.34
1766686129.8003373,176,15.88,43.66,office_paper,0.063,72.0,1816.34
1766686129.864103,177,15.88,44.42,office_paper,0.063,75.0,1816.34
1766686129.9254382,178,15.88,43.05,office_paper,0.063,73.9,1816.34
1766686129.98884,179,15.88,43.07,office_paper,0.063,72.0,1816.34
1766686130.0516284,180,15.88,43.18,office_paper,0.063,72.0,1816.34
1766686130.114464,181,15.88,43.2,office_paper,0.063,72.0,1816.34
1766686130.1783762,182,15.88,44.16,office_paper,0.063,72.0,1816.34
1766686130.2401729,183,15.88,42.82,office_paper,0.063,76.0,1816.34
1766686130.302389,184,15.88,42.23,office_paper,0.063,69.6,1816.58
1766686130.3660216,185,15.88,42.99,office_paper,0.063,70.4,1816.58
1766686130.4285796,186,15.88,42.59,office_paper,0.063,70.8,1816.58
1766686130.4904697,187,15.88,41.34,office_paper,0.063,72.0,1816.58
1766686130.5567503,188,15.88,44.74,office_paper,0.0631,70.4,1816.58
1766686130.6176,189,15.88,42.64,office_paper,0.063,75.0,1816.58
1766686130.6815019,190,15.88,43.6,office_paper,0.063,72.0,1816.0
1766686130.7452464,191,15.88,44.35,office_paper,0.063,70.8,1815.96
1766686130.8081586,192,15.88,44.14,office_paper,0.063,74.1,1815.96
1766686130.8703754,193,15.88,42.98,office_paper,0.063,73.9,1815.96
1766686130.9329915,194,15.88,43.26,office_paper,0.063,73.1,1815.96
1766686131.005714,195,15.88,52.9,office_paper,0.063,70.4,1815.96
1766686131.057288,196,15.88,41.57,office_paper,0.0631,85.7,1815.96
1766686131.121484,197,15.88,42.64,office_paper,0.063,68.0,1815.96
1766686131.186331,198,15.88,44.64,office_paper,0.0631,72.0,1815.96
1766686131.2470007,199,15.88,42.1,office_paper,0.063,75.0,1815.96
1766686131.309795,200,15.88,42.27,office_paper,0.063,74.1,1815.96
1766686131.37365,201,15.88,43.04,office_paper,0.063,70.8,1815.96
1766686131.435934,202,15.88,42.48,office_paper,0.063,72.0,1815.96
1766686131.4990468,203,15.88,42.57,office_paper,0.0631,68.0,1815.96
1766686131.5652993,204,15.88,45.91,office_paper,0.0631,75.0,1815.96
1766686131.6250758,205,15.88,42.75,office_paper,0.063,73.9,1815.96
1766686131.6888003,206,15.88,43.37,office_paper,0.063,72.0,1815.23
1766686131.7520618,207,15.88,43.61,office_paper,0.063,76.0,1815.17
1766686131.8145826,208,15.89,43.45,office_paper,0.063,72.0,1815.17
1766686131.8756344,209,15.89,41.42,office_paper,0.0631,76.0,1815.17
1766686131.9402184,210,15.89,42.92,office_paper,0.063,70.4,1815.17
1766686132.0028224,211,15.89,42.76,office_paper,0.063,70.8,1815.17
1766686132.066054,212,15.89,43.04,office_paper,0.063,73.1,1815.17
1766686132.129506,213,15.89,43.33,office_paper,0.063,72.0,1815.17
1766686132.1916337,214,15.89,42.25,office_paper,0.063,72.0,1815.17
1766686132.254591,215,15.89,42.71,office_paper,0.063,73.1,1815.17
1766686132.3180702,216,15.89,43.14,office_paper,0.063,70.8,1815.17
1766686132.3809881,217,15.89,43.17,office_paper,0.0631,72.0,1815.17
1766686132.4417665,218,15.89,40.97,office_paper,0.063,70.8,1815.17
1766686132.506805,219,15.89,42.76,office_paper,0.063,69.2,1815.17
1766686132.5704625,220,15.89,43.9,office_paper,0.063,72.0,1815.17
1766686132.6339061,221,15.89,44.23,office_paper,0.063,73.1,1815.17
1766686132.6960208,222,15.89,43.13,office_paper,0.063,76.0,1814.17
1766686132.757735,223,15.89,42.05,office_paper,0.063,72.0,1814.26
1766686132.8218107,224,15.88,43.39,office_paper,0.0631,70.8,1814.26
1766686132.8865724,225,15.88,44.07,office_paper,0.063,73.1,1814.5
1766686132.9461193,226,15.88,41.76,office_paper,0.063,70.8,1814.5
1766686133.0085504,227,15.88,41.36,office_paper,0.063,72.0,1814.5
1766686133.0735047,228,15.88,43.21,office_paper,0.063,68.0,1814.75
1766686133.1361015,229,15.88,42.29,office_paper,0.063,76.0,1814.75
1766686133.1990113,230,15.88,42.78,office_paper,0.063,70.8,1814.75
1766686133.2679627,231,15.88,48.54,office_paper,0.063,67.9,1814.75
1766686133.3250132,232,15.88,42.88,office_paper,0.0631,78.3,1814.75
1766686133.386813,233,15.88,41.12,office_paper,0.063,69.6,1814.75
1766686133.4511137,234,15.88,42.75,office_paper,0.063,71.4,1814.75
1766686133.5137205,235,15.88,42.53,office_paper,0.063,70.8,1814.75
1766686133.577138,236,15.88,42.99,office_paper,0.0631,72.0,1814.75
1766686133.6392415,237,15.88,41.42,office_paper,0.063,72.0,1814.75
1766686133.7024753,238,15.88,42.69,office_paper,0.063,69.2,1814.29
1766686133.7666998,239,15.88,43.79,office_paper,0.063,73.1,1814.21
1766686133.8316183,240,15.88,45.39,office_paper,0.063,76.9,1814.21
1766686133.8923078,241,15.88,43.27,office_paper,0.063,75.0,1814.21
1766686133.953937,242,15.88,42.14,office_paper,0.063,72.0,1814.21
1766686134.0186949,243,15.88,42.54,office_paper,0.0631,66.7,1814.21
1766686134.0803733,244,15.88,42.77,office_paper,0.063,76.0,1814.21
1766686134.1419346,245,15.88,40.97,office_paper,0.063,68.0,1814.21
1766686134.206362,246,15.88,42.4,office_paper,0.0631,72.0,1814.21
1766686134.269512,247,15.88,43.05,office_paper,0.063,72.0,1814.21
1766686134.333236,248,15.88,43.78,office_paper,0.063,73.1,1814.21
1766686134.3950868,249,15.88,42.53,office_paper,0.063,75.0,1814.21
1766686134.4582434,250,15.88,42.85,office_paper,0.063,73.1,1814.21
1766686134.5213816,251,15.88,43.04,office_paper,0.063,72.0,1814.21
1766686134.5850904,252,15.88,43.66,office_paper,0.063,72.0,1814.21
1766686134.6482203,253,15.88,43.9,office_paper,0.063,72.0,1814.21
1766686134.7085373,254,15.88,41.41,office_paper,0.063,72.0,1813.43
1766686134.7739384,255,15.88,43.85,office_paper,0.063,72.0,1813.4
1766686134.8355217,256,15.89,42.51,office_paper,0.0631,72.0,1813.4
1766686134.898838,257,15.89,42.7,office_paper,0.0631,70.8,1813.4
1766686134.962182,258,15.89,43.16,office_paper,0.063,73.1,1813.4
1766686135.0251675,259,15.89,43.07,office_paper,0.063,72.0,1813.4
1766686135.0881946,260,15.89,43.29,office_paper,0.063,76.0,1813.4
1766686135.1500356,261,15.89,41.8,office_paper,0.063,70.8,1813.4
1766686135.213936,262,15.89,43.06,office_paper,0.063,69.2,1813.4
1766686135.2752054,263,15.89,41.39,office_paper,0.063,70.8,1813.4
1766686135.3406522,264,15.89,43.29,office_paper,0.063,69.2,1813.4
1766686135.4026465,265,15.89,42.97,office_paper,0.0631,75.0,1813.4
1766686135.4652245,266,15.89,42.5,office_paper,0.063,73.1,1813.4
1766686135.5277305,267,15.89,42.03,office_paper,0.063,70.8,1813.4
1766686135.5919573,268,15.89,43.31,office_paper,0.0631,70.4,1813.4
1766686135.6563032,269,15.89,44.51,office_paper,0.063,76.0,1812.96
1766686135.7177835,270,15.89,43.11,office_paper,0.063,70.8,1812.88
1766686135.7881627,271,15.89,50.67,office_paper,0.063,69.0,1812.88
1766686135.8446121,272,15.88,43.98,office_paper,0.063,81.8,1812.88
1766686135.9068468,273,15.88,43.17,office_paper,0.0631,70.8,1812.88
1766686135.9689982,274,15.88,42.68,office_paper,0.063,74.1,1812.88
1766686136.0323842,275,15.88,43.07,office_paper,0.0631,70.8,1812.88
1766686136.0960925,276,15.88,43.5,office_paper,0.063,73.1,1812.88
1766686136.1659172,277,15.88,50.49,office_paper,0.063,69.2,1812.88
1766686136.2209487,278,15.88,42.8,office_paper,0.063,81.8,1812.88
1766686136.2860227,279,15.88,40.96,office_paper,0.063,68.0,1812.88
1766686136.3477337,280,15.88,43.54,office_paper,0.0631,76.0,1813.07
1766686136.4090924,281,15.88,41.99,office_paper,0.063,72.0,1813.12
1766686136.4738042,282,15.88,43.6,office_paper,0.063,72.0,1813.12
1766686136.5365353,283,15.88,43.25,office_paper,0.063,72.0,1813.12
1766686136.5993898,284,15.88,43.18,office_paper,0.063,72.0,1813.12
1766686136.6634617,285,15.88,43.88,office_paper,0.063,73.1,1813.12
1766686136.724289,286,15.88,42.47,office_paper,0.063,75.0,1812.88
1766686136.787222,287,15.88,41.57,office_paper,0.063,73.1,1812.82
1766686136.8520846,288,15.88,44.05,office_paper,0.0631,69.2,1812.82
1766686136.913798,289,15.88,42.68,office_paper,0.063,75.0,1812.82
1766686136.9757447,290,15.88,41.89,office_paper,0.0631,72.0,1812.82
1766686137.0399284,291,15.88,43.01,office_paper,0.063,70.4,1812.82
1766686137.1028438,292,15.88,43.26,office_paper,0.0631,70.8,1812.82
1766686137.1655798,293,15.88,43.07,office_paper,0.063,74.1,1812.82
1766686137.2284522,294,15.88,42.82,office_paper,0.063,70.8,1812.82
1766686137.291319,295,15.88,42.77,office_paper,0.063,73.1,1812.82
1766686137.354457,296,15.88,42.95,office_paper,0.063,72.0,1812.82
1766686137.417435,297,15.88,42.9,office_paper,0.0631,72.0,1812.82
1766686137.4809139,298,15.88,43.54,office_paper,0.0631,73.1,1812.82
1766686137.543209,299,15.88,42.67,office_paper,0.063,72.0,1812.82
1766686137.606981,300,15.88,43.63,office_paper,0.063,70.8,1812.82
1766686137.6684892,301,15.88,42.08,office_paper,0.063,76.9,1812.58
1766686137.732371,302,15.88,43.16,office_paper,0.0631,69.2,1812.06
1766686137.7954311,303,15.88,43.14,office_paper,0.063,73.1,1812.06
1766686137.8602302,304,15.89,45.16,office_paper,0.063,76.0,1812.06
1766686137.9195614,305,15.89,41.35,office_paper,0.0631,72.0,1812.3
1766686137.9850252,306,15.89,42.2,office_paper,0.063,69.2,1812.55
1766686138.046495,307,15.89,42.54,office_paper,0.063,69.6,1812.55
1766686138.1104329,308,15.89,43.41,office_paper,0.0631,72.0,1812.55
1766686138.1745377,309,15.89,44.47,office_paper,0.063,75.0,1812.55
1766686138.2360935,310,15.89,43.25,office_paper,0.063,74.1,1812.55
1766686138.2989106,311,15.89,42.97,office_paper,0.063,70.8,1812.55
1766686138.3627918,312,15.89,43.91,office_paper,0.063,73.1,1812.55
1766686138.4236438,313,15.89,41.74,office_paper,0.063,76.0,1812.55
1766686138.4870505,314,15.89,42.29,office_paper,0.063,66.7,1812.55
1766686138.5498059,315,15.89,42.13,office_paper,0.063,73.1,1812.55
1766686138.6142876,316,15.89,43.66,office_paper,0.0631,69.2,1812.55
1766686138.6754975,317,15.89,41.92,office_paper,0.063,73.1,1812.55
1766686138.7414463,318,15.89,44.7,office_paper,0.063,72.0,1812.53
1766686138.8015163,319,15.89,41.83,office_paper,0.063,75.0,1812.53
1766686138.8755162,320,15.88,52.9,office_paper,0.063,69.0,1812.53
1766686138.929098,321,15.88,43.33,office_paper,0.063,86.4,1812.53
1766686138.9919899,322,15.88,43.56,office_paper,0.063,72.0,1812.53
1766686139.0536013,323,15.88,42.25,office_paper,0.063,75.0,1812.53
1766686139.1173456,324,15.88,42.9,office_paper,0.063,68.0,1812.53
1766686139.1804986,325,15.88,42.96,office_paper,0.063,72.0,1812.52
1766686139.2425337,326,15.88,42.23,office_paper,0.063,70.8,1812.52
1766686139.3071632,327,15.88,42.79,office_paper,0.063,70.4,1812.52
1766686139.3693645,328,15.88,43.19,office_paper,0.063,70.8,1812.52
1766686139.432275,329,15.88,43.22,office_paper,0.0631,75.0,1812.52
1766686139.4952374,330,15.88,43.13,office_paper,0.063,72.0,1812.52
1766686139.5581052,331,15.88,42.98,office_paper,0.063,72.0,1812.52
1766686139.620951,332,15.88,42.77,office_paper,0.063,70.8,1812.52
1766686139.683063,333,15.88,41.82,office_paper,0.063,73.1,1812.32
1766686139.7484577,334,15.88,44.53,office_paper,0.063,68.0,1812.29
1766686139.8085542,335,15.88,41.73,office_paper,0.063,75.0,1812.29
1766686139.8741205,336,15.89,44.29,office_paper,0.063,70.8,1812.29
1766686139.9355602,337,15.89,42.76,office_paper,0.063,73.1,1812.29
1766686139.999768,338,15.89,44.03,office_paper,0.0631,74.1,1812.29
1766686140.061529,339,15.89,42.77,office_paper,0.063,75.0,1812.29
1766686140.1246285,340,15.89,42.99,office_paper,0.063,72.0,1812.29
1766686140.1869326,341,15.89,42.15,office_paper,0.063,69.6,1812.29
1766686140.2507482,342,15.89,43.13,office_paper,0.063,74.1,1812.29
1766686140.3137805,343,15.89,43.28,office_paper,0.063,73.1,1812.29
1766686140.376043,344,15.89,42.65,office_paper,0.0631,70.8,1812.29
1766686140.4388597,345,15.89,42.49,office_paper,0.063,70.8,1812.29
1766686140.5021114,346,15.89,42.84,office_paper,0.063,69.2,1812.29
1766686140.564995,347,15.89,42.57,office_paper,0.063,72.0,1812.29
1766686140.6286523,348,15.89,42.94,office_paper,0.063,72.0,1812.29
1766686140.6905155,349,15.89,42.13,office_paper,0.063,73.9,1811.85
1766686140.7565565,350,15.89,45.25,office_paper,0.0631,71.4,1811.84
1766686140.820787,351,15.89,46.61,office_paper,0.063,76.0,1811.84
1766686140.8800185,352,15.88,42.83,office_paper,0.063,75.0,1811.84
1766686140.9436243,353,15.88,43.32,office_paper,0.063,72.0,1811.84
1766686141.0073242,354,15.88,43.93,office_paper,0.063,74.1,1811.84
1766686141.069931,355,15.88,43.62,office_paper,0.0631,70.8,1811.84
1766686141.1321473,356,15.88,43.01,office_paper,0.063,75.0,1811.84
1766686141.1943455,357,15.88,41.95,office_paper,0.063,70.8,1811.84
1766686141.2583413,358,15.88,43.2,office_paper,0.063,69.2,1811.84
1766686141.3215787,359,15.88,43.43,office_paper,0.063,75.0,1811.84
1766686141.3842635,360,15.88,43.08,office_paper,0.063,73.1,1811.84
1766686141.4475343,361,15.88,43.39,office_paper,0.063,72.0,1811.84
1766686141.5087106,362,15.88,41.98,office_paper,0.063,70.8,1811.84
1766686141.5725076,363,15.88,42.74,office_paper,0.063,72.0,1811.84
1766686141.6411743,364,15.88,48.5,office_paper,0.063,69.2,1811.84
1766686141.698942,365,15.88,43.25,office_paper,0.063,78.3,1811.25
1766686141.7640133,366,15.88,45.52,office_paper,0.063,75.0,1811.16
1766686141.8241606,367,15.88,42.56,office_paper,0.063,76.0,1811.16
1766686141.8881357,368,15.88,43.45,office_paper,0.0631,72.0,1811.41
1766686141.9518182,369,15.88,43.16,office_paper,0.063,72.0,1811.41
1766686142.0147214,370,15.88,44.1,office_paper,0.063,75.0,1811.41
1766686142.0762172,371,15.88,42.53,office_paper,0.0631,72.0,1811.41
1766686142.13971,372,15.88,43.05,office_paper,0.063,72.0,1811.41
1766686142.2023299,373,15.88,42.73,office_paper,0.063,72.0,1811.41
1766686142.2652757,374,15.88,42.8,office_paper,0.0631,70.8,1811.41
1766686142.3265464,375,15.88,41.08,office_paper,0.063,68.0,1811.41
1766686142.3911588,376,15.88,42.79,office_paper,0.0631,73.1,1811.41
1766686142.4586234,377,15.88,47.19,office_paper,0.063,69.2,1811.41
1766686142.5168574,378,15.88,42.32,office_paper,0.063,75.0,1811.41
1766686142.5822766,379,15.88,43.44,office_paper,0.063,73.1,1811.41
1766686142.652121,380,15.88,50.58,office_paper,0.063,78.6,1811.89
1766686142.705459,381,15.88,42.18,office_paper,0.063,81.0,1811.79
1766686142.7703786,382,15.88,44.47,office_paper,0.063,72.0,1811.76
1766686142.8318057,383,15.88,42.57,office_paper,0.063,76.9,1811.76
1766686142.8950474,384,15.88,42.81,office_paper,0.0631,68.0,1811.76
1766686142.9579127,385,15.88,43.03,office_paper,0.063,75.0,1811.76
1766686143.0211518,386,15.88,43.42,office_paper,0.063,72.0,1811.76
1766686143.110939,387,15.88,70.03,office_paper,0.063,74.3,1812.0
1766686143.307607,388,15.88,190.65,office_paper,0.063,96.2,1812.68
1766686143.3808982,389,15.88,71.03,office_paper,0.063,96.6,1812.68
1766686143.4518106,390,15.88,68.59,office_paper,0.063,100.0,1812.74
1766686143.5240312,391,15.88,69.96,office_paper,0.063,96.3,1812.74
1766686143.570557,392,15.88,44.57,office_paper,0.063,100.0,1812.74
1766686143.6220663,393,15.88,45.94,office_paper,0.063,90.0,1812.75
1766686143.6686118,394,15.88,42.92,office_paper,0.063,94.7,1812.65
1766686143.7142384,395,15.88,41.76,office_paper,0.0631,100.0,1812.59
1766686143.7748053,396,15.88,41.32,office_paper,0.063,70.8,1812.59
1766686143.8415108,397,15.88,43.5,office_paper,0.063,72.4,1812.59
1766686143.901773,398,13.9,42.68,office_paper,0.063,75.0,1812.59
1766686143.9650621,399,13.9,42.98,office_paper,0.0631,75.0,1812.59
1766686144.0285013,400,13.9,43.36,office_paper,0.063,72.0,1812.59
1766686144.0909824,401,13.9,42.61,office_paper,0.063,70.8,1812.59
1766686144.15455,402,13.9,43.4,office_paper,0.0631,72.0,1812.59
1766686144.2153206,403,13.9,41.04,office_paper,0.0631,73.1,1812.59
1766686144.280146,404,13.9,43.0,office_paper,0.063,70.4,1812.59
1766686144.3422368,405,13.9,42.15,office_paper,0.063,69.6,1812.59
1766686144.4055123,406,13.9,42.36,office_paper,0.0631,69.2,1812.59
1766686144.4692392,407,13.9,43.05,office_paper,0.0631,75.0,1812.59
1766686144.5319846,408,13.9,43.12,office_paper,0.063,72.0,1812.59
1766686144.593954,409,13.9,41.95,office_paper,0.063,73.1,1812.59
1766686144.6602368,410,13.9,45.13,office_paper,0.0631,73.1,1812.58
1766686144.720837,411,13.9,42.4,office_paper,0.0631,75.0,1812.52
1766686144.7840862,412,13.9,42.28,office_paper,0.063,69.2,1812.52
1766686144.8478594,413,13.9,44.19,office_paper,0.063,76.9,1812.32
1766686144.9110732,414,15.88,44.32,office_paper,0.063,73.1,1812.27
1766686144.9732718,415,15.88,43.81,office_paper,0.063,75.0,1812.27
1766686145.035616,416,15.88,43.16,office_paper,0.063,72.0,1812.27
1766686145.1004627,417,15.88,43.52,office_paper,0.063,73.1,1812.27
1766686145.1622407,418,15.88,43.81,office_paper,0.063,70.8,1812.27
1766686145.2227976,419,15.88,41.53,office_paper,0.063,75.0,1812.27
1766686145.2873273,420,15.88,42.74,office_paper,0.063,70.4,1812.27
1766686145.3495703,421,15.88,42.11,office_paper,0.063,70.8,1812.27
1766686145.4131908,422,15.88,43.09,office_paper,0.063,72.0,1812.27
1766686145.476281,423,15.88,42.62,office_paper,0.063,69.2,1812.27
1766686145.538842,424,15.88,42.73,office_paper,0.0631,69.6,1812.27
1766686145.6023638,425,15.88,43.37,office_paper,0.0631,74.1,1812.27
1766686145.6646636,426,15.88,42.6,office_paper,0.063,75.0,1812.27
1766686145.7281616,427,15.88,42.53,office_paper,0.0631,73.1,1811.78
1766686145.791363,428,15.88,43.19,office_paper,0.063,72.0,1811.78
1766686145.854586,429,15.88,43.41,office_paper,0.063,70.8,1811.78
1766686145.9187248,430,15.88,44.53,office_paper,0.063,74.1,1811.78
1766686145.9792144,431,15.88,42.28,office_paper,0.0631,76.0,1811.78
1766686146.042922,432,15.88,43.03,office_paper,0.0631,69.2,1811.78
1766686146.1071582,433,15.88,44.15,office_paper,0.0631,74.1,1811.78
1766686146.1693392,434,15.88,43.49,office_paper,0.063,75.0,1811.78
1766686146.2320251,435,15.88,43.19,office_paper,0.063,73.1,1811.78
1766686146.2943332,436,15.88,42.66,office_paper,0.063,70.8,1811.78
1766686146.357869,437,15.88,42.98,office_paper,0.063,74.1,1811.78
1766686146.4213192,438,15.88,43.18,office_paper,0.063,70.8,1811.78
1766686146.4821773,439,15.88,41.62,office_paper,0.063,75.0,1811.78
1766686146.5460594,440,15.88,42.69,office_paper,0.063,69.2,1811.78
1766686146.6098568,441,15.88,43.5,office_paper,0.0631,70.8,1811.78
1766686146.672458,442,15.88,43.0,office_paper,0.063,73.1,1811.78
1766686146.7345963,443,15.88,42.17,office_paper,0.063,69.6,1811.54
1766686146.798678,444,15.88,43.49,office_paper,0.063,70.8,1811.53
1766686146.862283,445,15.88,43.97,office_paper,0.063,73.1,1811.53
1766686146.9242494,446,15.89,43.05,office_paper,0.063,76.0,1811.53
1766686146.9868813,447,15.89,41.61,office_paper,0.063,70.8,1811.53
1766686147.0508502,448,15.89,43.35,office_paper,0.063,71.4,1811.53
1766686147.1139607,449,15.89,43.82,office_paper,0.063,72.0,1811.53
1766686147.1757212,450,15.89,42.59,office_paper,0.063,73.1,1811.53
1766686147.2394993,451,15.89,43.39,office_paper,0.063,72.0,1811.53
1766686147.3020685,452,15.89,43.02,office_paper,0.063,72.0,1811.53
1766686147.364965,453,15.89,43.05,office_paper,0.063,70.8,1811.53
1766686147.428231,454,15.89,43.05,office_paper,0.063,73.1,1811.53
1766686147.4910498,455,15.89,42.84,office_paper,0.063,72.7,1811.53
1766686147.554146,456,15.89,42.85,office_paper,0.063,70.4,1811.53
1766686147.6165156,457,15.89,42.22,office_paper,0.063,75.0,1811.53
1766686147.679113,458,15.89,42.12,office_paper,0.0631,70.4,1811.53
1766686147.7444844,459,15.89,42.96,office_paper,0.0631,68.0,1811.53
1766686147.8064544,460,15.89,43.56,office_paper,0.063,75.0,1811.53
1766686147.8697655,461,15.89,43.89,office_paper,0.063,73.1,1811.53
1766686147.9330518,462,15.88,44.1,office_paper,0.063,76.0,1811.53
1766686147.9985142,463,15.88,46.88,office_paper,0.063,64.0,1811.53
1766686148.0574627,464,15.88,42.97,office_paper,0.063,78.3,1811.53
1766686148.120653,465,15.88,42.9,office_paper,0.063,72.0,1811.53
1766686148.1842773,466,15.88,43.36,office_paper,0.063,72.0,1811.53
1766686148.2456121,467,15.88,42.19,office_paper,0.063,75.0,1811.53
1766686148.309049,468,15.88,42.67,office_paper,0.063,72.0,1811.53
1766686148.3708804,469,15.88,41.34,office_paper,0.063,69.2,1811.53
1766686148.4348605,470,15.88,42.4,office_paper,0.063,70.8,1811.53
1766686148.498317,471,15.88,42.91,office_paper,0.063,70.4,1811.53
1766686148.5613527,472,15.88,43.03,office_paper,0.063,72.0,1811.53
1766686148.624708,473,15.88,43.26,office_paper,0.063,72.0,1811.53
1766686148.687676,474,15.88,43.09,office_paper,0.063,72.0,1811.53
1766686148.7570097,475,15.88,49.58,office_paper,0.0631,70.4,1811.53
1766686148.8134933,476,15.88,43.52,office_paper,0.063,81.8,1811.53
1766686148.8812933,477,15.88,44.51,office_paper,0.063,70.4,1811.53
1766686148.9407291,478,15.89,44.73,office_paper,0.063,80.0,1811.53
1766686149.001224,479,15.89,42.38,office_paper,0.063,73.9,1811.53
1766686149.0657349,480,15.89,42.31,office_paper,0.0631,69.2,1811.78
1766686149.1279922,481,15.89,43.17,office_paper,0.063,72.0,1811.78
1766686149.1915095,482,15.89,43.29,office_paper,0.063,72.0,1811.82
1766686149.253814,483,15.89,43.13,office_paper,0.063,75.0,1811.82
1766686149.314907,484,15.89,41.2,office_paper,0.063,69.6,1811.82
1766686149.379338,485,15.89,42.6,office_paper,0.063,70.4,1811.82
1766686149.4417589,486,15.89,42.21,office_paper,0.0631,72.0,1811.82
1766686149.5058804,487,15.89,42.86,office_paper,0.063,72.0,1811.82
1766686149.5687187,488,15.89,43.13,office_paper,0.063,72.0,1811.82
1766686149.6319277,489,15.89,43.41,office_paper,0.063,73.1,1811.82
1766686149.6946473,490,15.89,43.2,office_paper,0.063,72.0,1811.77
1766686149.7582674,491,15.89,43.8,office_paper,0.063,72.0,1811.77
1766686149.8207521,492,15.89,43.25,office_paper,0.063,76.0,1811.77
1766686149.8824358,493,15.89,41.75,office_paper,0.063,69.6,1811.77
1766686149.9496288,494,15.89,46.51,office_paper,0.063,74.1,1811.77
1766686150.0089777,495,15.89,42.47,office_paper,0.0631,73.9,1811.77
1766686150.0728295,496,15.89,43.46,office_paper,0.063,72.0,1811.77
1766686150.1354282,497,15.89,42.92,office_paper,0.063,74.1,1811.77
1766686150.1986012,498,15.89,43.34,office_paper,0.063,70.8,1811.77
1766686150.2614512,499,15.89,43.29,office_paper,0.063,73.1,1811.77
1766686150.323849,500,15.89,42.66,office_paper,0.0631,75.0,1811.77
1766686150.3872502,501,15.89,41.7,office_paper,0.063,69.2,1811.77
1766686150.4563334,502,15.89,48.92,office_paper,0.063,66.7,1811.77
1766686150.51063,503,15.89,40.8,office_paper,0.063,80.0,1811.77
1766686150.5752327,504,15.89,42.55,office_paper,0.063,70.4,1812.01
1766686150.638416,505,15.89,42.39,office_paper,0.063,68.0,1812.01
1766686150.7015598,506,15.89,42.92,office_paper,0.063,73.1,1812.01
1766686150.7692802,507,15.89,44.02,office_paper,0.0631,70.4,1812.01
1766686150.82813,508,15.89,43.4,office_paper,0.063,78.3,1812.01
1766686150.89052,509,15.89,42.59,office_paper,0.063,69.6,1812.01
1766686150.955402,510,15.88,44.4,office_paper,0.063,74.1,1812.01
1766686151.0170453,511,15.88,43.27,office_paper,0.063,75.0,1812.01
1766686151.0801063,512,15.88,43.6,office_paper,0.063,73.1,1812.01
1766686151.149183,513,15.88,49.41,office_paper,0.063,71.4,1812.01
1766686151.2063563,514,15.88,43.89,office_paper,0.0631,81.0,1812.01
1766686151.266868,515,15.88,41.32,office_paper,0.063,70.8,1812.01
1766686151.331566,516,15.88,43.18,office_paper,0.0631,71.4,1812.01
1766686151.3954747,517,15.88,42.27,office_paper,0.063,72.0,1812.01
1766686151.4569294,518,15.88,42.58,office_paper,0.063,72.0,1812.01
1766686151.5203886,519,15.88,43.06,office_paper,0.063,72.0,1812.01
1766686151.5823808,520,15.88,42.03,office_paper,0.063,69.6,1812.01
1766686151.6466644,521,15.88,43.44,office_paper,0.063,73.1,1812.01
1766686151.709898,522,15.88,43.39,office_paper,0.063,72.0,1811.09
1766686151.7726185,523,15.88,43.58,office_paper,0.063,73.1,1811.27
1766686151.8350844,524,15.88,42.84,office_paper,0.063,72.0,1811.27
1766686151.8975596,525,15.88,42.72,office_paper,0.063,70.8,1811.27
1766686151.9629772,526,15.89,44.81,office_paper,0.063,72.0,1811.27
1766686152.0240467,527,15.89,42.83,office_paper,0.063,77.8,1811.27
1766686152.0871503,528,15.89,42.87,office_paper,0.063,70.8,1811.27
1766686152.1501076,529,15.89,43.15,office_paper,0.063,72.0,1811.27
1766686152.2107277,530,15.89,41.03,office_paper,0.063,72.7,1811.27
1766686152.275229,531,15.89,42.56,office_paper,0.063,70.4,1811.27
1766686152.3377364,532,15.89,41.99,office_paper,0.0631,72.0,1811.27
1766686152.40182,533,15.89,43.11,office_paper,0.063,69.2,1811.27
1766686152.4630263,534,15.89,41.53,office_paper,0.0631,69.6,1811.27
1766686152.5278528,535,15.89,43.23,office_paper,0.063,75.0,1811.27
1766686152.5895703,536,15.89,41.97,office_paper,0.063,70.8,1811.27
1766686152.6548629,537,15.89,44.07,office_paper,0.063,72.0,1811.27
1766686152.7160425,538,15.89,42.15,office_paper,0.0631,74.1,1811.27
1766686152.7797525,539,15.89,43.34,office_paper,0.0631,72.0,1811.27
1766686152.8422701,540,15.89,42.87,office_paper,0.063,72.0,1811.27
1766686152.9066212,541,15.89,44.17,office_paper,0.0631,72.0,1811.27
1766686152.9701583,542,15.89,44.78,office_paper,0.063,76.0,1811.27
1766686153.0315309,543,15.89,42.69,office_paper,0.063,72.0,1811.27
1766686153.0933573,544,15.89,42.19,office_paper,0.0631,72.0,1811.27
1766686153.1581676,545,15.89,44.01,office_paper,0.063,72.0,1811.27
1766686153.223125,546,15.89,45.83,office_paper,0.063,73.1,1811.52
1766686153.3099594,547,15.89,66.53,office_paper,0.063,84.8,1811.52
1766686153.3574677,548,15.89,42.77,office_paper,0.063,90.0,1811.52
1766686153.408155,549,15.89,42.21,office_paper,0.063,90.0,1811.52
1766686153.4704797,550,15.89,41.4,office_paper,0.0631,68.0,1811.52
1766686153.5348675,551,15.89,42.99,office_paper,0.063,74.1,1811.52
1766686153.597688,552,15.89,42.93,office_paper,0.063,72.0,1811.52
1766686153.6614692,553,15.89,43.8,office_paper,0.063,72.0,1811.52
1766686153.7238545,554,15.89,42.75,office_paper,0.063,72.0,1811.52
1766686153.7870622,555,15.89,42.67,office_paper,0.063,73.1,1811.52
1766686153.8509107,556,15.89,44.09,office_paper,0.063,72.0,1811.52
1766686153.9127865,557,15.89,43.0,office_paper,0.063,76.9,1811.52
1766686153.9782255,558,15.88,45.39,office_paper,0.063,72.0,1811.52
1766686154.0389125,559,15.88,43.46,office_paper,0.063,75.0,1811.52
1766686154.101391,560,15.88,42.99,office_paper,0.0631,73.1,1811.52
1766686154.1659658,561,15.88,44.58,office_paper,0.063,72.0,1811.52
1766686154.2271566,562,15.88,42.72,office_paper,0.063,76.0,1811.52
1766686154.2906857,563,15.88,43.2,office_paper,0.063,72.0,1811.52
1766686154.353365,564,15.88,42.7,office_paper,0.063,72.0,1811.52
1766686154.4166677,565,15.88,43.32,office_paper,0.0631,73.1,1811.52
1766686154.4773326,566,15.88,41.06,office_paper,0.0631,69.6,1811.52
1766686154.5430505,567,15.88,43.91,office_paper,0.0631,72.0,1811.52
1766686154.6050177,568,15.88,42.77,office_paper,0.0631,73.1,1811.52
1766686154.6683648,569,15.88,43.2,office_paper,0.063,72.0,1811.27
1766686154.7314148,570,15.88,43.32,office_paper,0.063,75.0,1811.5
1766686154.7945688,571,15.88,43.49,office_paper,0.063,72.0,1811.5
1766686154.8578763,572,15.88,42.5,office_paper,0.063,74.1,1811.5
1766686154.9204638,573,15.88,43.4,office_paper,0.0631,72.0,1811.5
1766686154.9928274,574,15.88,52.45,office_paper,0.063,71.4,1811.5
1766686155.0479662,575,15.88,44.8,office_paper,0.0631,86.4,1811.5
1766686155.109297,576,15.88,43.34,office_paper,0.0631,70.8,1811.5
1766686155.173021,577,15.88,44.0,office_paper,0.063,76.0,1811.5
1766686155.2339575,578,15.88,41.95,office_paper,0.063,72.0,1811.5
1766686155.2985802,579,15.88,43.74,office_paper,0.0631,72.0,1811.5
1766686155.3595943,580,15.88,41.83,office_paper,0.063,73.1,1811.5
1766686155.4238343,581,15.88,43.2,office_paper,0.0631,72.0,1811.5
1766686155.485992,582,15.88,42.19,office_paper,0.063,70.8,1811.5
1766686155.5495937,583,15.88,42.88,office_paper,0.063,69.2,1811.5
1766686155.612535,584,15.88,43.06,office_paper,0.063,70.8,1811.5
1766686155.675209,585,15.88,42.7,office_paper,0.0631,73.1,1811.26
1766686155.7381356,586,15.88,42.55,office_paper,0.063,72.0,1811.26
1766686155.8016384,587,15.88,43.18,office_paper,0.063,76.0,1811.26
1766686155.8650367,588,15.88,43.55,office_paper,0.063,73.1,1811.26
1766686155.9264464,589,15.88,42.02,office_paper,0.063,69.6,1811.26
1766686155.989432,590,15.89,41.96,office_paper,0.063,72.0,1811.26
1766686156.053984,591,15.89,43.63,office_paper,0.063,69.2,1811.26
1766686156.1144102,592,15.89,40.91,office_paper,0.063,73.9,1811.26
1766686156.1918347,593,15.89,54.11,office_paper,0.063,71.0,1811.26
1766686156.2525227,594,15.89,49.07,office_paper,0.063,88.0,1811.26
1766686156.3067262,595,15.89,44.53,office_paper,0.0631,85.7,1811.26
1766686156.3678026,596,15.89,42.61,office_paper,0.063,76.0,1811.26
1766686156.4313571,597,15.89,43.13,office_paper,0.063,73.1,1811.26
1766686156.4929636,598,15.89,41.89,office_paper,0.0631,70.8,1811.26
1766686156.5569932,599,15.89,43.0,office_paper,0.063,72.0,1811.26
1766686156.6196823,600,15.89,42.42,office_paper,0.063,72.0,1811.26
1766686156.682401,601,15.89,42.59,office_paper,0.063,70.8,1811.26
1766686156.7459722,602,15.89,43.04,office_paper,0.063,69.2,1811.26
1766686156.8085473,603,15.89,42.77,office_paper,0.063,72.0,1811.26
1766686156.872784,604,15.89,44.05,office_paper,0.063,72.0,1811.5
1766686156.9345543,605,15.89,42.85,office_paper,0.063,75.0,1811.51
1766686156.9974449,606,15.88,42.6,office_paper,0.063,72.0,1811.51
1766686157.0605521,607,15.88,42.82,office_paper,0.063,72.0,1811.75
1766686157.1237342,608,15.88,43.01,office_paper,0.063,73.1,1811.75
1766686157.1873662,609,15.88,43.5,office_paper,0.063,74.1,1812.23
1766686157.2499712,610,15.88,43.03,office_paper,0.063,70.8,1812.23
1766686157.31286,611,15.88,43.36,office_paper,0.063,75.0,1812.23
1766686157.3758051,612,15.88,42.9,office_paper,0.063,72.0,1812.23
1766686157.438431,613,15.88,42.92,office_paper,0.063,72.0,1812.23
1766686157.501764,614,15.88,42.85,office_paper,0.063,70.4,1812.23
1766686157.5644093,615,15.88,42.47,office_paper,0.063,72.0,1812.23
1766686157.6271427,616,15.88,42.74,office_paper,0.063,73.1,1812.23
1766686157.6904223,617,15.88,43.02,office_paper,0.063,75.0,1812.24
1766686157.752494,618,15.88,42.19,office_paper,0.063,72.0,1812.24
1766686157.8170543,619,15.88,43.81,office_paper,0.0631,70.4,1812.24
1766686157.8787563,620,15.88,42.57,office_paper,0.063,73.9,1812.24
1766686157.9430468,621,15.88,44.11,office_paper,0.063,72.0,1812.24
1766686158.004152,622,15.88,41.75,office_paper,0.0631,74.1,1812.24
1766686158.0688477,623,15.88,43.97,office_paper,0.063,72.0,1812.24
1766686158.131063,624,15.88,43.14,office_paper,0.063,73.1,1812.24
1766686158.1984427,625,15.88,47.6,office_paper,0.063,64.0,1812.24
1766686158.2552254,626,15.88,41.28,office_paper,0.0631,79.2,1812.24
1766686158.3205774,627,15.88,43.16,office_paper,0.063,73.1,1812.24
1766686158.3821237,628,15.88,41.6,office_paper,0.063,70.8,1812.24
1766686158.4453895,629,15.88,42.58,office_paper,0.063,70.8,1812.24
1766686158.5073137,630,15.88,41.56,office_paper,0.063,69.2,1812.24
1766686158.5719624,631,15.88,43.22,office_paper,0.063,73.1,1812.24
1766686158.6338506,632,15.88,42.23,office_paper,0.0631,70.8,1812.24
1766686158.6980813,633,15.88,43.4,office_paper,0.0631,72.0,1812.24
1766686158.759546,634,15.88,41.95,office_paper,0.063,70.8,1812.24
1766686158.8242168,635,15.88,42.22,office_paper,0.063,69.2,1812.24
1766686158.8858812,636,15.88,42.37,office_paper,0.063,73.1,1812.24
1766686158.9511485,637,15.88,44.34,office_paper,0.063,76.9,1812.24
1766686159.0104663,638,15.89,41.1,office_paper,0.063,69.6,1812.24
1766686159.07554,639,15.89,42.93,office_paper,0.063,69.2,1812.24
1766686159.1378691,640,15.89,42.37,office_paper,0.063,72.0,1812.24
1766686159.2015767,641,15.89,43.12,office_paper,0.063,72.0,1812.24
1766686159.2625883,642,15.89,41.06,office_paper,0.063,69.6,1812.24
1766686159.327721,643,15.89,43.37,office_paper,0.0631,73.1,1812.24
1766686159.389605,644,15.89,42.22,office_paper,0.063,70.8,1812.24
1766686159.4535935,645,15.89,43.29,office_paper,0.063,72.0,1812.24
1766686159.5144844,646,15.89,40.96,office_paper,0.063,72.0,1812.24
1766686159.5788422,647,15.89,42.58,office_paper,0.063,72.0,1812.24
1766686159.6414516,648,15.89,42.43,office_paper,0.063,70.4,1812.24
1766686159.7054164,649,15.89,43.39,office_paper,0.0631,70.8,1811.52
1766686159.7946906,650,15.89,69.36,office_paper,0.063,77.1,1811.74
1766686159.8452137,651,15.89,48.35,office_paper,0.063,95.2,1811.74
1766686159.8948627,652,15.89,42.3,office_paper,0.063,89.5,1811.74
1766686159.957696,653,15.89,43.98,office_paper,0.063,72.0,1811.74
1766686160.019088,654,15.88,42.1,office_paper,0.063,75.0,1811.74
1766686160.0828784,655,15.88,43.18,office_paper,0.063,70.4,1811.74
1766686160.148942,656,15.88,44.43,office_paper,0.0631,73.1,1811.74
1766686160.20784,657,15.88,41.92,office_paper,0.063,75.0,1811.74
1766686160.270612,658,15.88,41.7,office_paper,0.063,70.8,1811.74
1766686160.3341548,659,15.88,42.58,office_paper,0.063,72.0,1811.74
1766686160.3974874,660,15.88,43.09,office_paper,0.063,72.0,1811.74
1766686160.4603903,661,15.88,42.79,office_paper,0.063,70.4,1811.74
1766686160.5232189,662,15.88,42.73,office_paper,0.0629,72.0,1811.74
1766686160.5967107,663,15.88,53.3,office_paper,0.0631,71.4,1811.74
1766686160.6497664,664,15.88,42.81,office_paper,0.063,85.0,1811.74
1766686160.712494,665,15.88,43.22,office_paper,0.063,72.0,1811.74
1766686160.7756147,666,15.88,43.4,office_paper,0.0631,72.0,1811.74
1766686160.837638,667,15.88,42.38,office_paper,0.063,72.0,1811.74
1766686160.9006376,668,15.88,42.44,office_paper,0.0631,72.0,1811.74
1766686160.9643726,669,15.88,42.7,office_paper,0.063,69.2,1811.74
1766686161.0273342,670,15.89,43.06,office_paper,0.063,75.0,1811.74
1766686161.089861,671,15.89,42.7,office_paper,0.063,70.8,1811.74
1766686161.1544967,672,15.89,43.84,office_paper,0.063,72.0,1811.74
1766686161.2142873,673,15.89,41.25,office_paper,0.0631,72.0,1811.74
1766686161.2790186,674,15.89,43.14,office_paper,0.063,72.0,1811.74
1766686161.3413553,675,15.89,42.36,office_paper,0.063,73.1,1811.74
1766686161.405829,676,15.89,43.99,office_paper,0.0631,69.2,1811.74
1766686161.4681885,677,15.89,42.04,office_paper,0.063,72.0,1811.74
1766686161.5294619,678,15.89,41.8,office_paper,0.063,75.0,1811.74
1766686161.5936563,679,15.89,43.13,office_paper,0.063,69.2,1811.74
1766686161.6547997,680,15.89,41.1,office_paper,0.063,72.0,1811.74
1766686161.7201498,681,15.89,43.31,office_paper,0.063,68.0,1811.74
1766686161.7820625,682,15.89,41.61,office_paper,0.063,69.6,1811.74
1766686161.846089,683,15.89,43.78,office_paper,0.063,72.0,1811.74
1766686161.908355,684,15.89,42.8,office_paper,0.0631,75.0,1811.74
1766686161.9724526,685,15.89,43.89,office_paper,0.0631,70.4,1811.74
1766686162.0335696,686,15.89,42.12,office_paper,0.063,73.9,1811.74
1766686162.0959353,687,15.89,41.49,office_paper,0.063,72.0,1811.74
1766686162.1633248,688,15.89,45.65,office_paper,0.063,74.1,1811.74
1766686162.22304,689,15.89,42.64,office_paper,0.063,73.9,1811.74
1766686162.2868102,690,15.89,43.58,office_paper,0.0631,73.1,1811.74
1766686162.3478053,691,15.89,41.39,office_paper,0.063,73.1,1811.74
1766686162.411946,692,15.89,42.56,office_paper,0.063,70.4,1811.74
1766686162.4746742,693,15.89,42.4,office_paper,0.0631,69.6,1811.74
1766686162.5381937,694,15.89,42.96,office_paper,0.063,73.1,1811.74
1766686162.6012979,695,15.89,43.23,office_paper,0.0631,72.0,1811.74
1766686162.662532,696,15.89,41.32,office_paper,0.0631,70.8,1811.25
1766686162.7269006,697,15.89,42.72,office_paper,0.063,68.0,1810.76
1766686162.7903607,698,15.89,43.06,office_paper,0.063,74.1,1810.75
1766686162.8521235,699,15.89,42.07,office_paper,0.063,73.9,1810.75
1766686162.9161332,700,15.89,42.95,office_paper,0.063,70.4,1811.0
1766686162.9800053,701,15.89,44.01,office_paper,0.0631,72.0,1811.0
1766686163.0414114,702,15.89,42.81,office_paper,0.063,75.0,1811.0
1766686163.104915,703,15.89,43.08,office_paper,0.063,70.8,1811.0
1766686163.1686723,704,15.89,43.81,office_paper,0.063,73.1,1811.0
1766686163.2302802,705,15.89,42.61,office_paper,0.063,72.0,1811.0
1766686163.2939138,706,15.89,43.4,office_paper,0.063,72.0,1811.0
1766686163.3552608,707,15.89,41.48,office_paper,0.063,76.0,1811.0
1766686163.419494,708,15.89,42.76,office_paper,0.063,69.2,1811.0
1766686163.4819746,709,15.89,42.56,office_paper,0.063,70.8,1811.0
1766686163.5455678,710,15.89,43.23,office_paper,0.063,73.1,1811.0
1766686163.6080568,711,15.89,42.75,office_paper,0.063,72.0,1811.0
1766686163.6715858,712,15.89,43.12,office_paper,0.063,72.0,1811.0
1766686163.7400672,713,15.89,48.65,office_paper,0.063,69.2,1811.0
1766686163.79813,714,15.89,43.96,office_paper,0.063,79.2,1811.0
1766686163.861482,715,15.89,44.23,office_paper,0.063,72.0,1811.0
1766686163.923504,716,15.89,43.23,office_paper,0.063,75.0,1811.0
1766686163.9890792,717,15.89,43.95,office_paper,0.063,69.2,1811.0
1766686164.0496187,718,15.87,43.06,office_paper,0.063,78.3,1811.0
1766686164.111503,719,15.87,41.93,office_paper,0.063,72.0,1811.0
1766686164.176817,720,15.87,44.64,office_paper,0.063,69.2,1811.0
1766686164.2382185,721,15.87,43.34,office_paper,0.063,73.9,1811.0
1766686164.3010635,722,15.87,43.2,office_paper,0.0631,73.1,1811.0
1766686164.3634896,723,15.87,42.46,office_paper,0.063,72.0,1811.0
1766686164.4264743,724,15.87,42.47,office_paper,0.063,70.8,1811.0
1766686164.489975,725,15.87,43.33,office_paper,0.063,74.1,1811.0
1766686164.553146,726,15.87,43.25,office_paper,0.063,70.8,1811.0
1766686164.6159816,727,15.87,42.87,office_paper,0.063,72.0,1811.0
1766686164.678559,728,15.87,42.88,office_paper,0.063,72.0,1811.0
1766686164.7432039,729,15.87,44.63,office_paper,0.0631,75.0,1811.24
1766686164.8148346,730,15.87,53.32,office_paper,0.063,73.1,1811.24
1766686164.8675869,731,15.87,43.14,office_paper,0.063,87.5,1811.23
1766686164.9300065,732,15.87,42.53,office_paper,0.063,70.8,1811.23
1766686164.9934013,733,15.87,43.12,office_paper,0.063,72.0,1811.23
1766686165.0568197,734,15.89,43.24,office_paper,0.063,70.8,1811.23
1766686165.1203573,735,15.89,43.83,office_paper,0.063,72.0,1811.23
1766686165.1850395,736,15.89,45.34,office_paper,0.063,76.9,1811.23
1766686165.246191,737,15.89,42.81,office_paper,0.063,73.9,1811.23
1766686165.3077068,738,15.89,42.64,office_paper,0.063,73.1,1811.23
1766686165.3694801,739,15.89,41.2,office_paper,0.063,70.8,1811.23
1766686165.43465,740,15.89,43.29,office_paper,0.0631,68.0,1811.23
1766686165.497314,741,15.89,43.04,office_paper,0.063,73.1,1811.23
1766686165.5603716,742,15.89,42.84,office_paper,0.063,73.1,1811.23
1766686165.6217735,743,15.89,41.43,office_paper,0.063,69.6,1811.23
1766686165.6861088,744,15.89,42.94,office_paper,0.063,72.0,1811.11
1766686165.7497356,745,15.89,43.48,office_paper,0.063,70.8,1811.01
1766686165.8117657,746,15.89,43.09,office_paper,0.063,73.1,1811.01
1766686165.8744395,747,15.89,42.54,office_paper,0.063,72.0,1811.01
1766686165.9379458,748,15.89,41.79,office_paper,0.063,69.6,1811.01
1766686166.0012043,749,15.89,43.11,office_paper,0.063,73.1,1811.01
1766686166.0641754,750,15.88,43.1,office_paper,0.0631,72.0,1811.01
1766686166.1264799,751,15.88,42.75,office_paper,0.063,70.8,1811.26
1766686166.1906369,752,15.88,43.84,office_paper,0.063,73.1,1811.26
1766686166.253364,753,15.88,43.68,office_paper,0.063,72.0,1811.26
1766686166.3160834,754,15.88,42.85,office_paper,0.0631,76.0,1811.26
1766686166.3784356,755,15.88,42.87,office_paper,0.063,72.0,1811.26
1766686166.44119,756,15.88,42.86,office_paper,0.063,72.0,1811.26
1766686166.5046563,757,15.88,43.19,office_paper,0.063,72.0,1811.26
1766686166.5675569,758,15.88,42.93,office_paper,0.063,72.0,1811.26
1766686166.630297,759,15.88,42.85,office_paper,0.063,70.8,1811.26
1766686166.693378,760,15.88,43.07,office_paper,0.063,73.1,1811.02
1766686166.7575016,761,15.88,43.96,office_paper,0.063,73.1,1811.01
1766686166.8193693,762,15.88,42.82,office_paper,0.0631,72.0,1811.01
1766686166.8820996,763,15.88,42.59,office_paper,0.063,70.8,1811.01
1766686166.9455352,764,15.88,43.49,office_paper,0.063,73.1,1811.01
1766686167.0081358,765,15.88,42.63,office_paper,0.063,72.0,1811.01
1766686167.0713913,766,15.88,42.86,office_paper,0.063,72.0,1811.01
1766686167.1341639,767,15.88,42.8,office_paper,0.063,75.0,1811.01
1766686167.1975899,768,15.88,43.37,office_paper,0.063,72.0,1811.01
1766686167.2703292,769,15.88,51.73,office_paper,0.063,67.9,1811.01
1766686167.32317,770,15.88,42.89,office_paper,0.063,86.4,1811.01
1766686167.3861368,771,15.88,42.89,office_paper,0.063,70.8,1811.01
1766686167.4489708,772,15.88,42.92,office_paper,0.063,72.0,1811.01
1766686167.5109951,773,15.88,42.31,office_paper,0.063,70.8,1811.01
1766686167.5746136,774,15.88,42.69,office_paper,0.063,72.0,1811.01
1766686167.6376138,775,15.88,43.01,office_paper,0.063,69.2,1811.01
1766686167.7010214,776,15.88,43.22,office_paper,0.063,72.0,1810.77
1766686167.7649505,777,15.88,43.92,office_paper,0.063,75.0,1810.77
1766686167.827238,778,15.88,43.02,office_paper,0.0631,72.0,1810.77
1766686167.8897176,779,15.88,42.86,office_paper,0.063,72.0,1810.77
1766686167.9526544,780,15.88,43.18,office_paper,0.063,72.0,1810.77
1766686168.0184283,781,15.88,45.39,office_paper,0.063,69.2,1810.77
1766686168.0787773,782,15.89,43.3,office_paper,0.063,78.3,1810.77
1766686168.1405191,783,15.89,42.28,office_paper,0.063,73.1,1810.77
1766686168.2044706,784,15.89,43.21,office_paper,0.063,72.0,1810.77
1766686168.2664187,785,15.89,41.61,office_paper,0.063,69.6,1810.77
1766686168.3303216,786,15.89,42.83,office_paper,0.0631,70.4,1810.77
1766686168.3938012,787,15.89,43.39,office_paper,0.063,76.0,1810.77
1766686168.4553971,788,15.89,42.13,office_paper,0.0631,72.0,1810.77
1766686168.5188606,789,15.89,42.51,office_paper,0.063,68.0,1810.76
1766686168.5825527,790,15.89,42.13,office_paper,0.063,72.0,1810.76
1766686168.6450768,791,15.89,42.93,office_paper,0.063,72.0,1810.76
1766686168.7077625,792,15.89,42.62,office_paper,0.0631,72.0,1810.52
1766686168.7747355,793,15.89,46.61,office_paper,0.0631,69.2,1810.52
1766686168.8338654,794,15.89,42.85,office_paper,0.063,79.2,1810.52
1766686168.8998141,795,15.89,43.79,office_paper,0.063,74.1,1810.77
1766686168.959582,796,15.89,42.85,office_paper,0.063,75.0,1810.77
1766686169.0637877,797,15.89,76.33,office_paper,0.063,83.3,1810.77
1766686169.1202266,798,15.53,54.4,office_paper,0.063,95.5,1810.77
1766686169.1649718,799,15.53,42.73,office_paper,0.063,100.0,1810.77
1766686169.211823,800,15.53,41.9,office_paper,0.063,90.5,1810.77
1766686169.2750566,801,15.53,43.19,office_paper,0.063,72.0,1810.77
1766686169.3378031,802,15.53,43.08,office_paper,0.063,75.0,1810.77
1766686169.4001381,803,15.53,42.64,office_paper,0.063,72.0,1810.77
1766686169.4637907,804,15.53,43.27,office_paper,0.0631,72.0,1810.77
1766686169.5264547,805,15.53,42.92,office_paper,0.063,73.1,1810.77
1766686169.5880663,806,15.53,41.66,office_paper,0.063,72.0,1810.77
1766686169.6524963,807,15.53,42.9,office_paper,0.063,70.8,1810.77
1766686169.7146955,808,15.53,41.78,office_paper,0.0631,70.8,1810.77
1766686169.778286,809,15.53,43.05,office_paper,0.063,69.2,1810.76
1766686169.841247,810,15.53,42.86,office_paper,0.0631,72.0,1810.76
1766686169.90554,811,15.53,42.74,office_paper,0.063,69.2,1810.76
1766686169.9700098,812,15.53,45.76,office_paper,0.0631,75.0,1810.75
1766686170.0301955,813,15.53,42.98,office_paper,0.063,75.0,1810.75
1766686170.0927582,814,15.53,42.6,office_paper,0.063,73.1,1810.75
1766686170.1556368,815,16.23,42.57,office_paper,0.063,72.0,1810.75
1766686170.2180803,816,16.23,41.61,office_paper,0.063,70.8,1810.75
1766686170.2826345,817,16.23,43.39,office_paper,0.063,72.0,1810.75
1766686170.3450525,818,16.23,43.15,office_paper,0.063,73.1,1810.75
1766686170.4082472,819,16.23,43.16,office_paper,0.063,72.0,1810.75
1766686170.4701293,820,16.23,42.0,office_paper,0.063,70.8,1810.75
1766686170.5339582,821,16.23,43.32,office_paper,0.063,70.8,1810.75
1766686170.5963192,822,16.23,42.31,office_paper,0.063,72.0,1810.75
1766686170.6600165,823,16.23,43.12,office_paper,0.0631,73.1,1810.75
1766686170.7222457,824,16.23,42.57,office_paper,0.063,70.8,1810.75
1766686170.786182,825,16.23,43.51,office_paper,0.063,72.0,1810.75
1766686170.8472066,826,16.23,41.46,office_paper,0.0631,73.1,1810.75
1766686170.9117262,827,16.23,43.08,office_paper,0.063,73.1,1810.75
1766686170.9741924,828,16.23,42.51,office_paper,0.0631,72.0,1810.75
1766686171.0372767,829,16.23,42.83,office_paper,0.063,72.0,1810.75
1766686171.1004071,830,16.23,43.1,office_paper,0.063,72.0,1810.75
1766686171.16367,831,15.88,43.03,office_paper,0.063,72.0,1810.75
1766686171.2274456,832,15.88,42.19,office_paper,0.063,69.2,1810.75
1766686171.2899477,833,15.88,43.37,office_paper,0.0631,72.0,1810.75
1766686171.3528116,834,15.88,43.28,office_paper,0.063,75.0,1810.75
1766686171.4242496,835,15.88,51.84,office_paper,0.063,67.9,1810.75
1766686171.4788399,836,15.88,43.56,office_paper,0.063,85.7,1810.75
1766686171.5408003,837,15.88,42.71,office_paper,0.063,73.1,1810.75
1766686171.6039462,838,15.88,42.85,office_paper,0.0631,73.1,1810.75
1766686171.6669784,839,15.88,42.95,office_paper,0.0631,70.8,1810.51
1766686171.7301607,840,15.88,43.12,office_paper,0.063,74.1,1810.5
1766686171.7931616,841,15.88,43.12,office_paper,0.063,72.0,1810.5
1766686171.8558896,842,15.88,42.88,office_paper,0.063,72.0,1810.5
1766686171.918361,843,15.88,42.5,office_paper,0.063,73.1,1810.5
1766686171.9821954,844,15.88,43.14,office_paper,0.063,70.8,1810.5
1766686172.0448692,845,15.88,43.15,office_paper,0.0631,73.1,1810.5
1766686172.1076887,846,15.88,42.72,office_paper,0.063,72.0,1810.5
1766686172.171215,847,15.88,43.22,office_paper,0.063,76.9,1810.5
1766686172.2339363,848,15.88,43.23,office_paper,0.063,70.8,1810.5
1766686172.2977567,849,15.88,44.19,office_paper,0.063,72.0,1810.5
1766686172.3600276,850,15.88,43.0,office_paper,0.063,72.0,1810.5
1766686172.4223626,851,15.88,42.75,office_paper,0.063,75.0,1810.5
1766686172.4850793,852,15.88,42.51,office_paper,0.0631,72.0,1810.5
1766686172.5494018,853,15.88,42.46,office_paper,0.063,69.2,1810.5
1766686172.6105907,854,15.88,41.95,office_paper,0.063,69.6,1810.5
1766686172.675547,855,15.88,44.12,office_paper,0.063,70.4,1810.5
1766686172.7377667,856,15.88,43.2,office_paper,0.0631,75.0,1810.5
1766686172.8006043,857,15.88,43.09,office_paper,0.063,72.0,1810.5
1766686172.861867,858,15.88,41.26,office_paper,0.063,70.8,1810.5
1766686172.9307222,859,15.88,47.29,office_paper,0.063,69.2,1810.5
1766686172.990308,860,15.88,44.03,office_paper,0.063,79.2,1810.5
1766686173.050899,861,15.88,41.67,office_paper,0.063,70.8,1810.5
1766686173.1146998,862,15.88,41.92,office_paper,0.063,69.2,1810.5
1766686173.1783776,863,15.89,43.36,office_paper,0.063,73.1,1810.5
1766686173.240913,864,15.89,42.59,office_paper,0.063,72.0,1810.5
1766686173.303995,865,15.89,42.91,office_paper,0.063,73.1,1810.5
1766686173.3664834,866,15.89,42.29,office_paper,0.0631,69.6,1810.5
1766686173.4298897,867,15.89,42.99,office_paper,0.063,76.9,1810.5
1766686173.492699,868,15.89,42.6,office_paper,0.063,70.8,1810.5
1766686173.5554109,869,15.89,42.43,office_paper,0.063,73.1,1810.5
1766686173.6184154,870,15.89,42.31,office_paper,0.0631,66.7,1810.5
1766686173.680627,871,15.89,41.84,office_paper,0.063,73.1,1810.26
1766686173.7455437,872,15.89,43.96,office_paper,0.063,72.0,1810.25
1766686173.8080006,873,15.89,43.16,office_paper,0.063,73.1,1810.25
1766686173.872719,874,15.89,44.18,office_paper,0.063,70.8,1810.25
1766686173.9339979,875,15.89,43.54,office_paper,0.063,75.0,1810.25
1766686173.9980724,876,15.89,44.33,office_paper,0.063,72.0,1810.25
1766686174.059621,877,15.89,42.97,office_paper,0.0631,76.0,1810.25
1766686174.121905,878,15.89,42.42,office_paper,0.063,70.8,1810.25
1766686174.1861663,879,15.88,43.81,office_paper,0.063,72.0,1810.25
1766686174.2566392,880,15.88,50.96,office_paper,0.063,69.0,1810.25
1766686174.310043,881,15.88,41.66,office_paper,0.063,84.2,1810.25
1766686174.3740764,882,15.88,42.88,office_paper,0.063,69.2,1810.25
1766686174.437226,883,15.88,42.95,office_paper,0.063,72.0,1810.25
1766686174.5002246,884,15.88,43.05,office_paper,0.063,75.0,1810.25
1766686174.5637858,885,15.88,43.38,office_paper,0.063,69.2,1810.25
1766686174.625823,886,15.88,42.63,office_paper,0.063,75.0,1810.25
1766686174.6894848,887,15.88,43.13,office_paper,0.063,72.0,1810.24
1766686174.752767,888,15.88,43.38,office_paper,0.063,73.1,1810.23
1766686174.8146126,889,15.88,42.5,office_paper,0.063,69.6,1810.23
1766686174.879956,890,15.88,45.09,office_paper,0.0631,74.1,1810.23
1766686174.940627,891,15.88,42.64,office_paper,0.063,70.8,1810.23
1766686175.0051937,892,15.88,44.4,office_paper,0.063,74.1,1810.23
1766686175.0660086,893,15.88,42.26,office_paper,0.063,75.0,1810.48
1766686175.1297095,894,15.88,43.01,office_paper,0.063,70.8,1810.48
1766686175.1933155,895,15.88,43.39,office_paper,0.063,72.0,1810.48
1766686175.255674,896,15.88,42.98,office_paper,0.063,72.0,1810.48
1766686175.319238,897,15.88,43.2,office_paper,0.063,76.0,1810.48
1766686175.3837752,898,15.88,45.15,office_paper,0.063,75.0,1810.48
1766686175.4447699,899,15.88,43.28,office_paper,0.063,75.0,1810.48
1766686175.5076203,900,15.88,43.13,office_paper,0.063,72.0,1810.48
1766686175.5699506,901,15.88,42.53,office_paper,0.063,70.8,1810.48
1766686175.6334977,902,15.88,43.17,office_paper,0.063,69.2,1810.48
1766686175.6958425,903,15.88,42.36,office_paper,0.063,72.0,1810.48
1766686175.7598195,904,15.88,43.46,office_paper,0.0631,73.1,1810.48
1766686175.8220305,905,15.88,42.5,office_paper,0.063,73.1,1810.48
1766686175.8856373,906,15.88,43.4,office_paper,0.063,72.0,1810.48
1766686175.9469044,907,15.88,41.54,office_paper,0.063,72.0,1810.48
1766686176.012148,908,15.88,43.92,office_paper,0.063,72.0,1810.48
1766686176.0738935,909,15.88,42.62,office_paper,0.063,72.0,1810.48
1766686176.1371398,910,15.88,42.96,office_paper,0.063,72.0,1810.47
1766686176.1994104,911,15.88,42.06,office_paper,0.063,72.0,1810.47
1766686176.263414,912,15.88,43.11,office_paper,0.063,69.2,1810.47
1766686176.3262503,913,15.88,43.06,office_paper,0.063,70.8,1810.47
1766686176.3898292,914,15.88,43.73,office_paper,0.063,76.0,1810.47
1766686176.4523969,915,15.88,42.48,office_paper,0.063,73.1,1810.47
1766686176.5147407,916,15.88,42.43,office_paper,0.063,70.8,1810.47
1766686176.5790176,917,15.88,41.91,office_paper,0.063,68.0,1810.47
1766686176.640372,918,15.88,42.78,office_paper,0.063,73.1,1810.71
1766686176.7038505,919,15.88,43.07,office_paper,0.063,72.0,1810.45
1766686176.7670333,920,15.88,43.35,office_paper,0.063,72.0,1810.45
1766686176.8296905,921,15.88,43.06,office_paper,0.063,76.0,1810.45
1766686176.897865,922,15.88,48.18,office_paper,0.063,66.7,1810.45
1766686176.9546359,923,15.88,42.04,office_paper,0.063,81.0,1810.45
1766686177.0202756,924,15.88,43.19,office_paper,0.063,70.4,1810.45
1766686177.0804498,925,15.88,41.97,office_paper,0.0629,70.8,1810.45
1766686177.143017,926,15.88,41.63,office_paper,0.063,70.8,1810.45
1766686177.208889,927,15.86,42.67,office_paper,0.063,71.4,1810.45
1766686177.2704883,928,15.86,43.31,office_paper,0.063,75.0,1810.45
1766686177.3326988,929,15.86,42.5,office_paper,0.063,72.0,1810.45
1766686177.3972602,930,15.86,44.07,office_paper,0.063,69.2,1810.45
1766686177.4604614,931,15.86,44.27,office_paper,0.063,76.0,1810.45
1766686177.5224314,932,15.86,43.12,office_paper,0.0631,70.8,1810.45
1766686177.5853865,933,15.86,43.07,office_paper,0.063,73.1,1810.45
1766686177.647094,934,15.86,41.51,office_paper,0.063,72.0,1810.45
1766686177.7115595,935,15.86,43.49,office_paper,0.063,72.0,1810.2
1766686177.774161,936,15.86,43.03,office_paper,0.063,72.0,1810.2
1766686177.8369305,937,15.86,42.81,office_paper,0.063,73.1,1810.2
1766686177.9004006,938,15.86,43.23,office_paper,0.063,72.0,1810.2
1766686177.9628398,939,15.86,42.69,office_paper,0.063,72.7,1810.2
1766686178.025914,940,15.86,42.78,office_paper,0.063,73.1,1810.2
1766686178.0871592,941,15.86,41.42,office_paper,0.063,72.0,1810.2
1766686178.1512156,942,15.86,42.26,office_paper,0.063,70.4,1810.2
1766686178.2142954,943,15.91,42.1,office_paper,0.063,70.8,1810.45
1766686178.2766292,944,15.91,42.08,office_paper,0.063,72.0,1810.45
1766686178.3429763,945,15.91,43.55,office_paper,0.063,65.4,1810.45
1766686178.4021387,946,15.91,41.49,office_paper,0.0631,75.0,1810.45
1766686178.466177,947,15.91,42.47,office_paper,0.063,72.0,1810.45
1766686178.5293205,948,15.91,42.77,office_paper,0.063,72.0,1810.45
1766686178.5918295,949,15.91,42.03,office_paper,0.063,72.0,1810.45
1766686178.6555402,950,15.91,43.01,office_paper,0.063,73.1,1810.21
1766686178.7179534,951,15.91,42.42,office_paper,0.063,72.0,1810.45
1766686178.7813606,952,15.91,43.11,office_paper,0.063,69.2,1810.45
1766686178.8450797,953,15.91,43.38,office_paper,0.063,72.0,1810.45
1766686178.9073918,954,15.91,42.85,office_paper,0.063,75.0,1810.45
1766686178.974459,955,15.91,47.03,office_paper,0.063,65.4,1810.45
1766686179.0332322,956,15.91,43.12,office_paper,0.0631,79.2,1810.45
1766686179.0968356,957,15.91,43.51,office_paper,0.063,75.0,1810.45
1766686179.157757,958,15.91,41.45,office_paper,0.063,70.8,1810.45
1766686179.2216709,959,15.89,42.45,office_paper,0.063,69.2,1810.45
1766686179.2845478,960,15.89,42.47,office_paper,0.063,70.8,1810.45
1766686179.3463202,961,15.89,41.34,office_paper,0.063,70.8,1810.45
1766686179.4104965,962,15.89,42.46,office_paper,0.063,69.2,1810.45
1766686179.474029,963,15.89,42.97,office_paper,0.063,73.1,1810.45
1766686179.5370665,964,15.89,43.14,office_paper,0.063,72.0,1810.45
1766686179.5998466,965,15.89,42.83,office_paper,0.063,72.0,1810.45
1766686179.6635652,966,15.89,42.91,office_paper,0.063,72.0,1810.45
1766686179.726026,967,15.89,43.21,office_paper,0.063,75.0,1810.45
1766686179.7877376,968,15.89,41.79,office_paper,0.063,70.8,1810.45
1766686179.8502817,969,15.89,41.25,office_paper,0.063,68.0,1810.45
1766686179.9139156,970,15.89,42.17,office_paper,0.063,73.1,1810.45
1766686179.9761293,971,15.89,41.47,office_paper,0.063,70.8,1810.69
1766686180.040003,972,15.89,42.44,office_paper,0.063,69.2,1810.69
1766686180.1039884,973,15.89,43.53,office_paper,0.063,73.1,1810.69
1766686180.167258,974,15.89,43.76,office_paper,0.063,74.1,1810.69
1766686180.2299187,975,15.89,43.47,office_paper,0.063,70.8,1810.69
1766686180.2925696,976,15.89,43.14,office_paper,0.063,72.0,1810.69
1766686180.3545275,977,15.89,42.11,office_paper,0.063,75.0,1810.69
1766686180.4182677,978,15.89,42.87,office_paper,0.063,69.2,1810.69
1766686180.4814153,979,15.89,43.1,office_paper,0.063,76.0,1810.69
1766686180.5446682,980,15.89,43.56,office_paper,0.063,72.0,1810.69
1766686180.6077793,981,15.89,43.48,office_paper,0.063,72.0,1810.69
1766686180.6698387,982,15.89,42.77,office_paper,0.063,72.0,1810.69
1766686180.7333367,983,15.89,43.21,office_paper,0.063,72.0,1810.69
1766686180.796151,984,15.89,43.09,office_paper,0.063,72.0,1810.69
1766686180.8596988,985,15.89,43.68,office_paper,0.063,74.1,1810.69
1766686180.9218783,986,15.89,42.92,office_paper,0.063,70.8,1810.69
1766686180.9865584,987,15.89,42.89,office_paper,0.063,73.1,1810.69
1766686181.0567665,988,15.89,51.9,office_paper,0.063,75.9,1810.69
1766686181.1113815,989,15.89,43.53,office_paper,0.063,82.6,1810.69
1766686181.1741679,990,15.89,43.52,office_paper,0.063,73.9,1810.69
1766686181.2368646,991,15.89,43.18,office_paper,0.063,72.0,1810.69
1766686181.299997,992,15.89,43.41,office_paper,0.063,73.1,1810.69
1766686181.362537,993,15.89,42.93,office_paper,0.063,72.0,1810.69
1766686181.4245224,994,15.89,41.89,office_paper,0.0631,72.0,1810.69
1766686181.4977832,995,15.89,51.93,office_paper,0.063,79.3,1810.69
1766686181.5521924,996,15.89,43.52,office_paper,0.063,86.4,1810.69
1766686181.6160457,997,15.89,42.75,office_paper,0.0631,72.0,1810.69
1766686181.677737,998,15.89,43.36,office_paper,0.063,70.8,1810.45
1766686181.7409909,999,15.89,43.48,office_paper,0.063,72.0,1810.44
1766686181.8039296,1000,15.89,43.57,office_paper,0.063,76.0,1810.44
1766686181.8664877,1001,15.89,43.13,office_paper,0.063,70.8,1810.44
1766686181.9272616,1002,15.89,40.96,office_paper,0.063,73.1,1810.44
1766686181.9923599,1003,15.89,43.08,office_paper,0.063,69.2,1810.44
1766686182.054526,1004,15.89,42.21,office_paper,0.063,69.6,1810.44
1766686182.1181629,1005,15.89,42.9,office_paper,0.063,72.0,1810.44
1766686182.1823664,1006,15.89,44.28,office_paper,0.063,72.0,1810.44
1766686182.2464948,1007,15.83,41.77,office_paper,0.063,69.2,1810.44
1766686182.3084853,1008,15.83,42.99,office_paper,0.063,73.1,1810.44
1766686182.3693092,1009,15.83,42.32,office_paper,0.063,73.9,1810.44
1766686182.4330032,1010,15.83,43.06,office_paper,0.063,72.0,1810.44
1766686182.4961936,1011,15.83,43.14,office_paper,0.063,72.0,1810.44
1766686182.5594304,1012,15.83,43.45,office_paper,0.063,73.1,1810.44
1766686182.6213846,1013,15.83,42.36,office_paper,0.063,72.0,1810.44
1766686182.6833918,1014,15.83,41.59,office_paper,0.063,72.0,1810.2
1766686182.7498426,1015,15.83,45.05,office_paper,0.063,69.2,1810.2
1766686182.8111458,1016,15.83,43.46,office_paper,0.063,76.9,1810.2
1766686182.8748763,1017,15.83,43.64,office_paper,0.063,70.8,1810.2
1766686182.9359355,1018,15.83,42.3,office_paper,0.063,73.1,1810.2
1766686183.0005774,1019,15.83,43.92,office_paper,0.0631,72.0,1810.2
1766686183.062709,1020,15.83,43.15,office_paper,0.063,75.0,1810.2
1766686183.126209,1021,15.83,43.61,office_paper,0.063,74.1,1810.2
1766686183.1898453,1022,15.83,44.26,office_paper,0.0631,72.0,1810.2
1766686183.250133,1023,15.94,41.36,office_paper,0.0631,73.9,1810.2
1766686183.3146589,1024,15.94,43.05,office_paper,0.0631,70.4,1810.2
1766686183.3780613,1025,15.94,43.56,office_paper,0.0631,72.0,1810.2
1766686183.441312,1026,15.94,43.69,office_paper,0.0631,72.0,1810.2
1766686183.505681,1027,15.94,44.58,office_paper,0.063,75.0,1810.2
1766686183.5659912,1028,15.94,42.53,office_paper,0.063,75.0,1810.2
1766686183.630358,1029,15.94,42.1,office_paper,0.0629,66.7,1810.2
1766686183.69294,1030,15.94,43.26,office_paper,0.0629,73.1,1810.2
1766686183.7547674,1031,15.94,41.82,office_paper,0.0629,70.8,1810.2
1766686183.818632,1032,15.94,43.39,office_paper,0.063,72.0,1810.2
1766686183.8828626,1033,15.94,44.43,office_paper,0.0628,73.1,1810.2
1766686183.934743,1034,15.94,41.49,office_paper,0.0627,85.7,1810.2
1766686183.993612,1035,15.94,44.35,office_paper,0.0628,80.8,1810.2
1766686184.0541372,1036,15.94,41.63,office_paper,0.0627,72.7,1810.2
1766686184.1181734,1037,15.94,43.14,office_paper,0.063,72.0,1810.2
1766686184.181967,1038,15.94,44.05,office_paper,0.063,72.0,1810.2
1766686184.243815,1039,15.94,42.96,office_paper,0.0631,72.0,1810.2
1766686184.3070633,1040,16.12,43.39,office_paper,0.0631,73.1,1810.2
1766686184.3542113,1041,16.12,41.05,office_paper,0.0628,94.1,1810.2
1766686184.4146888,1042,16.12,41.85,office_paper,0.0629,76.0,1810.2
1766686184.477862,1043,16.12,42.25,office_paper,0.063,69.2,1810.2
1766686184.5446174,1044,16.12,44.61,office_paper,0.0631,71.4,1810.2
1766686184.6049843,1045,16.12,43.26,office_paper,0.063,75.0,1810.2
1766686184.6678464,1046,16.12,43.23,office_paper,0.063,75.0,1810.2
1766686184.7335746,1047,16.12,46.15,office_paper,0.063,69.2,1810.19
1766686184.7926676,1048,16.12,42.5,office_paper,0.0629,78.3,1810.19
1766686184.8549674,1049,16.12,41.55,office_paper,0.0628,68.0,1810.19
1766686184.9178035,1050,16.12,41.49,office_paper,0.0628,72.0,1810.19
1766686184.981453,1051,16.12,42.36,office_paper,0.0628,69.2,1810.19
1766686185.045296,1052,16.12,43.0,office_paper,0.063,72.0,1810.19
1766686185.1072206,1053,16.12,42.08,office_paper,0.0631,72.0,1810.19
1766686185.170993,1054,16.12,42.93,office_paper,0.0631,69.6,1810.19
1766686185.2337935,1055,16.12,42.82,office_paper,0.063,73.1,1810.18
1766686185.2829263,1056,16.12,41.7,office_paper,0.0629,89.5,1810.18
1766686185.3418262,1057,16.39,40.73,office_paper,0.063,76.0,1810.18
1766686185.4069004,1058,16.39,43.03,office_paper,0.0631,70.8,1810.18
1766686185.469185,1059,16.39,42.39,office_paper,0.0631,74.1,1810.18
1766686185.532925,1060,16.39,43.42,office_paper,0.0629,72.0,1810.18
1766686185.5937603,1061,16.39,40.91,office_paper,0.0629,70.8,1810.18
1766686185.6640098,1062,16.39,48.6,office_paper,0.0629,70.4,1809.94
1766686185.721099,1063,16.39,42.75,office_paper,0.0629,78.3,1809.94
1766686185.783955,1064,16.39,42.56,office_paper,0.0629,72.0,1809.94
1766686185.8344004,1065,16.39,43.8,office_paper,0.0627,90.0,1810.18
1766686185.8854892,1066,16.39,49.06,office_paper,0.0628,100.0,1810.18
1766686185.9312174,1067,16.39,43.7,office_paper,0.0627,100.0,1810.18
1766686185.97834,1068,16.39,42.04,office_paper,0.0625,88.9,1810.18
1766686186.0409338,1069,16.39,43.33,office_paper,0.0627,76.0,1810.18
1766686186.1036923,1070,16.39,43.34,office_paper,0.063,73.1,1810.18
1766686186.1669452,1071,16.39,43.65,office_paper,0.063,72.0,1810.18
1766686186.230435,1072,16.39,44.19,office_paper,0.0631,76.0,1810.18
1766686186.292544,1073,16.39,43.07,office_paper,0.0631,73.1,1810.18
1766686186.3398006,1074,16.39,43.56,office_paper,0.063,94.7,1810.18
1766686186.3943815,1075,17.13,42.64,office_paper,0.063,81.0,1810.18
1766686186.4574344,1076,17.13,42.42,office_paper,0.0631,72.0,1810.18
1766686186.5211816,1077,17.13,43.06,office_paper,0.063,72.0,1810.18
1766686186.5854955,1078,17.13,43.94,office_paper,0.063,73.1,1810.18
1766686186.646889,1079,17.13,43.1,office_paper,0.0629,72.7,1810.18
1766686186.7081628,1080,17.13,41.48,office_paper,0.0628,73.1,1809.94
1766686186.772989,1081,17.13,43.43,office_paper,0.0626,70.4,1809.93
1766686186.835643,1082,17.13,43.09,office_paper,0.063,75.0,1809.93
1766686186.8992107,1083,17.13,43.55,office_paper,0.0631,73.1,1810.18
1766686186.9607987,1084,17.13,42.51,office_paper,0.0631,72.0,1810.18
1766686187.0256002,1085,17.13,44.35,office_paper,0.063,72.0,1810.18
1766686187.085556,1086,17.13,41.27,office_paper,0.0631,72.7,1810.18
1766686187.1492774,1087,17.13,41.48,office_paper,0.0631,70.4,1810.18
1766686187.2140293,1088,17.13,43.4,office_paper,0.063,70.8,1810.18
1766686187.2776034,1089,17.13,44.47,office_paper,0.063,73.1,1810.18
1766686187.3253486,1090,17.13,45.64,office_paper,0.0631,100.0,1810.42
1766686187.372181,1091,17.13,43.63,office_paper,0.0631,100.0,1810.42
1766686187.4173741,1092,16.63,43.17,office_paper,0.0632,94.4,1810.42
1766686187.4717035,1093,16.63,42.45,office_paper,0.0631,81.8,1810.42
1766686187.5292413,1094,16.63,43.19,office_paper,0.063,78.3,1810.42
1766686187.5899115,1095,16.63,44.32,office_paper,0.0632,79.2,1810.42
1766686187.6518493,1096,16.63,43.32,office_paper,0.0631,72.0,1810.42
1766686187.7128596,1097,16.63,43.03,office_paper,0.0631,76.0,1810.42
1766686187.7934062,1098,16.63,60.59,office_paper,0.0629,76.7,1810.42
1766686187.8423991,1099,16.63,42.34,office_paper,0.0629,89.5,1810.42
1766686187.904111,1100,16.63,45.58,office_paper,0.0629,79.2,1810.55
1766686187.9659255,1101,16.63,44.38,office_paper,0.063,75.0,1810.55
1766686188.014011,1102,16.63,45.71,office_paper,0.0629,100.0,1810.55
1766686188.0609548,1103,16.63,41.61,office_paper,0.063,89.5,1810.55
1766686188.1191368,1104,16.63,42.64,office_paper,0.063,78.3,1810.55
1766686188.1827295,1105,16.63,43.57,office_paper,0.0627,70.8,1810.55
1766686188.2460673,1106,16.63,43.71,office_paper,0.0629,73.1,1810.55
1766686188.3084745,1107,16.63,42.82,office_paper,0.063,76.0,1810.55
1766686188.3705485,1108,16.63,42.21,office_paper,0.0628,70.8,1810.55
1766686188.433824,1109,16.72,42.64,office_paper,0.0628,69.2,1810.55
1766686188.4979353,1110,16.72,43.15,office_paper,0.0629,72.0,1810.55
1766686188.560117,1111,16.72,42.85,office_paper,0.0628,72.0,1810.55
1766686188.623261,1112,16.72,43.02,office_paper,0.063,72.0,1810.55
1766686188.686502,1113,16.72,43.58,office_paper,0.063,72.0,1810.66
1766686188.7509944,1114,16.72,44.88,office_paper,0.0629,72.0,1810.66
1766686188.8118622,1115,16.72,42.02,office_paper,0.063,76.9,1810.66
1766686188.8756492,1116,16.72,43.46,office_paper,0.0626,72.0,1810.66
1766686188.9378579,1117,16.72,42.79,office_paper,0.0628,72.0,1810.66
1766686189.0018697,1118,16.72,43.96,office_paper,0.0628,72.0,1810.66
1766686189.0638807,1119,16.72,43.1,office_paper,0.063,75.0,1810.66
1766686189.125776,1120,16.72,41.91,office_paper,0.0627,72.0,1810.66
1766686189.190279,1121,16.72,43.64,office_paper,0.0627,69.2,1810.66
1766686189.254557,1122,16.72,44.65,office_paper,0.063,75.0,1810.66
1766686189.3064084,1123,16.72,45.92,office_paper,0.0626,90.9,1810.66
1766686189.354158,1124,16.72,45.5,office_paper,0.0624,100.0,1810.66
1766686189.3993669,1125,16.72,43.16,office_paper,0.0628,100.0,1810.66
1766686189.4457061,1126,16.79,41.98,office_paper,0.0631,94.4,1810.66
1766686189.5078032,1127,16.79,43.02,office_paper,0.0629,73.1,1810.66
1766686189.5706766,1128,16.79,43.1,office_paper,0.0628,70.8,1810.66
1766686189.6344466,1129,16.79,43.89,office_paper,0.0626,73.1,1810.66
1766686189.6973891,1130,16.79,43.8,office_paper,0.0628,76.9,1810.42
1766686189.7605457,1131,16.79,43.97,office_paper,0.063,72.0,1810.42
1766686189.821554,1132,16.79,42.02,office_paper,0.0629,70.8,1810.42
1766686189.874434,1133,16.79,46.1,office_paper,0.0628,95.0,1810.42
1766686189.922002,1134,16.79,45.45,office_paper,0.0629,100.0,1810.42
1766686189.9703138,1135,16.79,43.22,office_paper,0.0627,90.0,1810.42
1766686190.021064,1136,16.79,45.05,office_paper,0.0629,95.0,1810.42
1766686190.0733135,1137,16.79,42.58,office_paper,0.0629,85.0,1810.42
1766686190.1374385,1138,16.79,42.97,office_paper,0.0628,72.0,1810.42
1766686190.2023628,1139,16.79,45.66,office_paper,0.0629,72.0,1810.42
1766686190.247891,1140,16.79,43.5,office_paper,0.0624,100.0,1810.42
1766686190.2988422,1141,16.79,43.1,office_paper,0.0626,90.0,1810.66
1766686190.3616767,1142,16.79,43.34,office_paper,0.0626,73.1,1810.66
1766686190.4227693,1143,16.79,41.51,office_paper,0.0628,73.9,1810.66
1766686190.4855654,1144,17.36,44.78,office_paper,0.0627,76.0,1810.66
1766686190.532385,1145,17.36,44.77,office_paper,0.0627,95.0,1810.66
1766686190.5831394,1146,17.36,48.81,office_paper,0.0629,100.0,1810.66
1766686190.6289907,1147,17.36,43.41,office_paper,0.063,100.0,1810.66
1766686190.6753652,1148,17.36,44.43,office_paper,0.0626,100.0,1810.41
1766686190.7223375,1149,17.36,44.98,office_paper,0.0629,100.0,1810.41
1766686190.769237,1150,17.36,44.89,office_paper,0.063,95.0,1810.41
1766686190.8163857,1151,17.36,43.63,office_paper,0.0629,100.0,1810.41
1766686190.8707836,1152,17.36,43.01,office_paper,0.0631,81.8,1810.41
1766686190.9335153,1153,17.36,42.44,office_paper,0.0631,73.1,1810.41
1766686190.9977427,1154,17.36,43.79,office_paper,0.0632,72.0,1810.41
1766686191.059361,1155,17.36,42.27,office_paper,0.063,75.0,1810.41
1766686191.1224031,1156,17.36,42.52,office_paper,0.0631,68.0,1810.41
1766686191.186093,1157,17.36,43.21,office_paper,0.0631,72.0,1810.41
1766686191.2485888,1158,17.36,42.8,office_paper,0.0631,76.0,1810.41
1766686191.3110924,1159,17.36,42.25,office_paper,0.0631,72.0,1810.41
1766686191.3742409,1160,17.36,42.41,office_paper,0.0631,70.4,1810.41
1766686191.438044,1161,17.36,43.32,office_paper,0.0631,72.0,1810.41
1766686191.5007713,1162,17.7,43.29,office_paper,0.063,75.0,1810.41
1766686191.563589,1163,17.7,42.58,office_paper,0.0631,69.2,1810.41
1766686191.6335683,1164,17.7,50.15,office_paper,0.063,69.2,1810.41
1766686191.6897013,1165,17.7,43.18,office_paper,0.063,82.6,1810.41
1766686191.7538064,1166,17.7,44.4,office_paper,0.063,72.0,1810.41
1766686191.8145864,1167,17.7,42.13,office_paper,0.0631,73.9,1810.41
1766686191.8776853,1168,17.7,42.38,office_paper,0.063,73.1,1810.41
1766686191.9409616,1169,17.7,42.81,office_paper,0.063,70.8,1810.41
1766686192.0058413,1170,17.7,44.49,office_paper,0.063,70.4,1810.41
1766686192.068181,1171,17.7,42.42,office_paper,0.063,70.8,1810.41
1766686192.1304245,1172,17.7,43.5,office_paper,0.0631,73.9,1810.41
1766686192.1932685,1173,17.7,43.18,office_paper,0.0631,72.0,1810.65
1766686192.2563593,1174,17.7,43.33,office_paper,0.063,73.1,1810.65
1766686192.317918,1175,17.7,41.79,office_paper,0.063,70.8,1810.65
1766686192.381987,1176,17.7,43.37,office_paper,0.063,70.8,1810.65
1766686192.4434805,1177,17.7,41.75,office_paper,0.063,72.0,1810.65
1766686192.5081334,1178,15.88,42.86,office_paper,0.063,69.2,1810.65
1766686192.5697443,1179,15.88,42.12,office_paper,0.063,75.0,1810.65
1766686192.633641,1180,15.88,43.2,office_paper,0.0631,68.0,1810.65
1766686192.6974301,1181,15.88,43.82,office_paper,0.063,73.1,1810.65
1766686192.759938,1182,15.88,43.48,office_paper,0.063,75.0,1810.65
1766686192.8221812,1183,15.88,42.5,office_paper,0.0631,70.8,1810.65
1766686192.8881333,1184,15.88,45.62,office_paper,0.063,74.1,1810.89
1766686192.9469626,1185,15.88,41.23,office_paper,0.063,72.7,1810.89
1766686193.0124571,1186,15.88,44.03,office_paper,0.0631,71.4,1810.89
1766686193.0748088,1187,15.88,43.11,office_paper,0.063,73.9,1810.89
1766686193.1403136,1188,15.88,43.24,office_paper,0.0628,71.4,1810.89
1766686193.2011218,1189,15.88,43.58,office_paper,0.0629,75.0,1810.89
1766686193.2616115,1190,15.88,41.3,office_paper,0.0628,73.9,1810.89
1766686193.3254383,1191,15.88,41.95,office_paper,0.0628,68.0,1810.89
1766686193.3899105,1192,15.88,42.79,office_paper,0.063,72.0,1810.89
1766686193.4509778,1193,15.88,41.68,office_paper,0.0631,70.8,1810.89
1766686193.5188808,1194,15.88,46.28,office_paper,0.0631,67.9,1810.89
1766686193.578184,1195,15.88,43.18,office_paper,0.063,79.2,1810.89
1766686193.6415346,1196,15.88,42.94,office_paper,0.063,72.0,1810.89
1766686193.7049768,1197,15.88,44.02,office_paper,0.063,73.1,1810.9
1766686193.768557,1198,15.88,42.84,office_paper,0.0631,72.0,1810.9
1766686193.829802,1199,15.88,42.57,office_paper,0.0631,75.0,1810.9
1766686193.894591,1200,15.88,44.52,office_paper,0.0631,70.8,1810.9
1766686193.9561858,1201,15.88,43.23,office_paper,0.0631,73.1,1810.9
1766686194.018605,1202,15.88,42.64,office_paper,0.0631,73.1,1810.9
1766686194.082059,1203,15.88,43.17,office_paper,0.0631,72.0,1810.9
1766686194.1449945,1204,15.88,43.05,office_paper,0.063,72.0,1810.9
1766686194.207639,1205,15.88,42.87,office_paper,0.063,70.8,1810.9
1766686194.2707222,1206,15.88,43.14,office_paper,0.063,72.0,1810.9
1766686194.333684,1207,15.88,43.08,office_paper,0.063,73.1,1810.9
1766686194.3967009,1208,15.88,43.21,office_paper,0.0631,75.0,1810.9
1766686194.4590633,1209,15.88,42.57,office_paper,0.0631,72.0,1810.89
1766686194.5218325,1210,15.89,42.36,office_paper,0.0631,72.0,1810.89
1766686194.5857124,1211,15.89,43.27,office_paper,0.0631,70.8,1810.89
1766686194.6489289,1212,15.89,42.97,office_paper,0.0629,73.1,1810.89
1766686194.7109945,1213,15.89,41.71,office_paper,0.063,66.7,1810.65
1766686194.77638,1214,15.89,44.72,office_paper,0.063,75.0,1810.65
1766686194.8370514,1215,15.89,42.89,office_paper,0.063,73.9,1810.65
1766686194.899876,1216,15.89,42.75,office_paper,0.0631,73.1,1810.89
1766686194.963359,1217,15.89,42.83,office_paper,0.063,72.0,1810.89
1766686195.0376096,1218,15.89,52.49,office_paper,0.063,67.9,1810.89
1766686195.0890536,1219,15.89,42.94,office_paper,0.063,90.0,1810.89
1766686195.151076,1220,15.89,41.93,office_paper,0.0631,72.0,1810.89
1766686195.2152526,1221,15.89,43.16,office_paper,0.0631,69.2,1810.89
1766686195.2787366,1222,15.89,43.83,office_paper,0.0631,70.8,1810.89
1766686195.340576,1223,15.89,41.8,office_paper,0.063,73.1,1810.89
1766686195.4039092,1224,15.89,43.13,office_paper,0.0631,73.1,1810.89
1766686195.4666595,1225,15.89,42.18,office_paper,0.0631,70.8,1810.89
1766686195.5301757,1226,15.88,43.42,office_paper,0.063,72.0,1810.89
1766686195.5929692,1227,15.88,43.08,office_paper,0.063,76.0,1810.89
1766686195.6566765,1228,15.88,43.58,office_paper,0.063,69.2,1810.89
1766686195.7182088,1229,15.88,42.7,office_paper,0.0631,75.0,1810.89
1766686195.7826357,1230,15.88,43.63,office_paper,0.063,68.0,1810.89
1766686195.8451097,1231,15.88,43.41,office_paper,0.063,76.0,1810.89
1766686195.907691,1232,15.88,43.15,office_paper,0.0628,72.0,1810.89
1766686195.971151,1233,15.88,43.66,office_paper,0.0625,73.1,1810.89
1766686196.0350313,1234,15.88,44.8,office_paper,0.0628,73.9,1810.89
1766686196.0959232,1235,15.88,42.64,office_paper,0.0626,75.0,1810.89
1766686196.1593804,1236,15.88,43.15,office_paper,0.0628,72.0,1810.89
1766686196.2213666,1237,15.88,41.92,office_paper,0.0629,72.0,1810.89
1766686196.2977173,1238,15.88,53.14,office_paper,0.063,67.9,1810.89
1766686196.3491392,1239,15.88,43.27,office_paper,0.063,90.5,1810.89
1766686196.409684,1240,15.88,40.69,office_paper,0.0629,70.8,1810.89
1766686196.4744825,1241,15.88,42.92,office_paper,0.063,68.0,1810.89
1766686196.537541,1242,15.86,42.05,office_paper,0.063,73.1,1810.89
1766686196.5993989,1243,15.86,42.17,office_paper,0.0631,72.0,1810.64
1766686196.6637826,1244,15.86,43.33,office_paper,0.0631,72.0,1810.4
1766686196.7295668,1245,15.86,46.14,office_paper,0.0631,70.4,1810.39
1766686196.7883918,1246,15.86,41.77,office_paper,0.0631,78.3,1810.39
1766686196.8515973,1247,15.86,42.07,office_paper,0.0631,69.2,1810.39
1766686196.9161134,1248,15.86,42.84,office_paper,0.0629,72.0,1810.39
1766686196.9772813,1249,15.86,42.27,office_paper,0.063,70.8,1810.39
1766686197.041718,1250,15.86,43.74,office_paper,0.0631,72.0,1810.39
1766686197.103206,1251,15.86,42.35,office_paper,0.0631,72.0,1810.39
1766686197.1658049,1252,15.86,42.08,office_paper,0.0631,70.8,1810.39
1766686197.2294104,1253,15.86,42.87,office_paper,0.0631,72.0,1810.39
1766686197.2939148,1254,15.86,44.06,office_paper,0.0631,73.1,1810.39
1766686197.3403306,1255,15.86,42.28,office_paper,0.0632,94.4,1810.39
1766686197.3859081,1256,15.86,42.05,office_paper,0.063,100.0,1810.39
1766686197.4466956,1257,15.86,44.91,office_paper,0.063,73.9,1810.39
1766686197.4960866,1258,15.86,43.37,office_paper,0.0629,90.5,1810.39
1766686197.546077,1259,16.91,45.22,office_paper,0.063,95.0,1810.39
1766686197.5949483,1260,16.91,46.82,office_paper,0.0629,100.0,1810.39
1766686197.642231,1261,16.91,45.21,office_paper,0.063,100.0,1810.39
1766686197.6893053,1262,16.91,44.94,office_paper,0.0629,100.0,1810.14
1766686197.7382894,1263,16.91,47.02,office_paper,0.0631,100.0,1810.14
1766686197.7922843,1264,16.91,51.43,office_paper,0.063,95.5,1810.14
1766686197.8412728,1265,16.91,45.9,office_paper,0.063,95.0,1810.14
1766686197.8895233,1266,16.91,46.17,office_paper,0.063,100.0,1810.14
1766686197.937913,1267,16.91,46.43,office_paper,0.0631,100.0,1810.14
1766686197.9909158,1268,16.91,51.01,office_paper,0.0631,100.0,1810.14
1766686198.0413938,1269,16.91,47.78,office_paper,0.0629,95.5,1810.14
1766686198.091071,1270,16.91,44.04,office_paper,0.0631,95.0,1810.14
1766686198.1412103,1271,16.91,44.69,office_paper,0.063,94.7,1810.14
1766686198.1897538,1272,16.91,46.58,office_paper,0.063,94.7,1810.14
1766686198.2388322,1273,16.91,47.13,office_paper,0.063,100.0,1810.14
1766686198.287266,1274,16.91,46.15,office_paper,0.0629,100.0,1810.14
1766686198.33486,1275,16.91,45.54,office_paper,0.0629,100.0,1810.14
1766686198.3837173,1276,16.91,46.56,office_paper,0.0629,95.5,1810.14
1766686198.4300723,1277,16.91,44.27,office_paper,0.0629,100.0,1810.14
1766686198.478065,1278,16.91,45.92,office_paper,0.0629,94.7,1810.14
1766686198.5300097,1279,16.91,49.72,office_paper,0.0629,100.0,1810.14
1766686198.5756176,1280,20.37,43.65,office_paper,0.0629,100.0,1810.14
1766686198.6229186,1281,20.37,44.83,office_paper,0.063,94.4,1810.14
1766686198.6706803,1282,20.37,45.72,office_paper,0.0628,100.0,1809.89
1766686198.7185805,1283,20.37,45.72,office_paper,0.063,100.0,1809.89
1766686198.7672608,1284,20.37,46.3,office_paper,0.063,100.0,1809.89
1766686198.818002,1285,20.37,48.42,office_paper,0.0629,95.0,1809.89
1766686198.867555,1286,20.37,47.56,office_paper,0.063,100.0,1810.13
1766686198.922528,1287,20.37,52.96,office_paper,0.063,95.2,1810.13
1766686198.9781826,1288,20.37,52.87,office_paper,0.063,100.0,1810.13
1766686199.0286186,1289,20.37,47.84,office_paper,0.063,100.0,1810.13
1766686199.0794775,1290,20.37,48.87,office_paper,0.063,100.0,1810.13
1766686199.1282036,1291,20.37,44.56,office_paper,0.063,94.7,1810.13
1766686199.176344,1292,20.37,45.66,office_paper,0.063,95.0,1810.13
1766686199.2245538,1293,20.37,45.64,office_paper,0.063,100.0,1810.13
1766686199.2748055,1294,20.37,48.1,office_paper,0.063,100.0,1810.13
1766686199.3226094,1295,20.37,45.71,office_paper,0.063,100.0,1810.13
1766686199.3710792,1296,20.37,44.99,office_paper,0.063,95.5,1810.13
1766686199.4231198,1297,20.37,46.57,office_paper,0.063,95.0,1810.13
1766686199.4726386,1298,20.37,47.51,office_paper,0.063,95.2,1810.13
1766686199.52279,1299,20.37,48.23,office_paper,0.063,100.0,1810.13
1766686199.5712276,1300,20.37,46.41,office_paper,0.063,100.0,1810.13
1766686199.625659,1301,20.16,52.13,office_paper,0.0629,95.2,1810.13
1766686199.674683,1302,20.16,47.0,office_paper,0.0629,100.0,1810.13
1766686199.7229104,1303,20.16,46.27,office_paper,0.063,100.0,1810.14
1766686199.7789533,1304,20.16,50.48,office_paper,0.0629,90.9,1810.14
1766686199.8283427,1305,20.16,47.1,office_paper,0.063,100.0,1810.14
1766686199.8785183,1306,20.16,47.79,office_paper,0.0629,95.0,1810.14
1766686199.9258938,1307,20.16,45.4,office_paper,0.0629,100.0,1810.14
1766686199.9815195,1308,20.16,49.83,office_paper,0.063,95.7,1810.14
1766686200.0383449,1309,20.16,51.91,office_paper,0.0629,90.9,1810.14
1766686200.1008458,1310,20.16,56.4,office_paper,0.0629,96.0,1810.14
1766686200.149941,1311,20.16,45.42,office_paper,0.063,94.7,1810.14
1766686200.1983788,1312,20.16,45.74,office_paper,0.063,100.0,1810.14
1766686200.2467453,1313,20.16,46.19,office_paper,0.0629,100.0,1810.14
1766686200.2948914,1314,20.16,45.99,office_paper,0.063,100.0,1810.14
1766686200.3419564,1315,20.16,44.92,office_paper,0.0629,95.0,1810.14
1766686200.3890522,1316,20.16,45.0,office_paper,0.063,100.0,1810.14
1766686200.4371161,1317,20.16,45.3,office_paper,0.063,100.0,1810.14
1766686200.4862711,1318,20.16,46.07,office_paper,0.0629,100.0,1810.38
1766686200.5342014,1319,20.16,45.52,office_paper,0.063,100.0,1810.38
1766686200.583136,1320,20.16,46.6,office_paper,0.0628,95.0,1810.38
1766686200.6326118,1321,19.77,47.43,office_paper,0.0629,100.0,1810.38
1766686200.6815734,1322,19.77,46.93,office_paper,0.063,100.0,1810.38
1766686200.7302158,1323,19.77,46.56,office_paper,0.0629,100.0,1810.38
1766686200.7780354,1324,19.77,45.75,office_paper,0.063,100.0,1810.38
1766686200.8330429,1325,19.77,52.73,office_paper,0.0629,100.0,1810.38
1766686200.8799229,1326,19.77,44.86,office_paper,0.0629,95.0,1810.38
1766686200.9344184,1327,19.77,51.89,office_paper,0.063,100.0,1810.38
1766686200.9841735,1328,19.77,47.69,office_paper,0.063,100.0,1810.38
1766686201.0326014,1329,19.77,46.35,office_paper,0.0629,100.0,1810.38
1766686201.0820022,1330,19.77,46.13,office_paper,0.063,95.0,1810.38
1766686201.1300585,1331,19.77,45.89,office_paper,0.0629,100.0,1810.38
1766686201.1780791,1332,19.77,45.86,office_paper,0.063,100.0,1810.38
1766686201.2266,1333,19.77,45.67,office_paper,0.0629,95.0,1810.38
1766686201.2765827,1334,19.77,47.15,office_paper,0.0629,100.0,1810.38
1766686201.3232071,1335,19.77,44.35,office_paper,0.0629,100.0,1810.38
1766686201.3765972,1336,19.77,48.92,office_paper,0.0629,95.2,1810.62
1766686201.4267004,1337,19.77,46.27,office_paper,0.0629,94.7,1810.62
1766686201.478284,1338,19.77,46.68,office_paper,0.0629,90.9,1810.62
1766686201.5263143,1339,19.77,45.71,office_paper,0.0628,100.0,1810.62
1766686201.5739226,1340,19.77,45.45,office_paper,0.0629,100.0,1810.62
1766686201.6217253,1341,19.77,45.62,office_paper,0.0629,100.0,1810.62
1766686201.673557,1342,20.15,45.94,office_paper,0.0629,90.9,1810.5
1766686201.7218058,1343,20.15,45.36,office_paper,0.0629,100.0,1810.39
1766686201.772441,1344,20.15,48.58,office_paper,0.0628,95.0,1810.39
1766686201.8219478,1345,20.15,45.68,office_paper,0.0628,100.0,1810.39
1766686201.8739228,1346,20.15,49.95,office_paper,0.0629,100.0,1810.39
1766686201.9230003,1347,20.15,46.97,office_paper,0.0629,95.0,1810.39
1766686201.970737,1348,20.15,45.66,office_paper,0.0629,100.0,1810.39
1766686202.0184188,1349,20.15,45.14,office_paper,0.0628,100.0,1810.39
