<?xml version="1.0" encoding="UTF-8" standalone="yes"?>
<dnnParams>
    <networks>
        <network name="mobilenetv2_30class_quantized" ordinal="0" type="">
            <inputTensors>
                <inputTensor persistency="1" ordinal="0" name="mobilenetv2_0.50_224_input:0" l2Offset="7335776" numOfDimensions="3" bitsPerElement="8" shift="0" scale="0.00390625" format="unsigned">
                    <dimensions>
                        <dimension size="224" serializationOrder="1" ordinal="0" padding="0"/>
                        <dimension size="224" serializationOrder="0" ordinal="1" padding="0"/>
                        <dimension size="3" serializationOrder="2" ordinal="2" padding="0"/>
                    </dimensions>
                </inputTensor>
            </inputTensors>
            <outputTensors>
                <outputTensor ordinal="0" name="transform-0-keras_quantization_wrapper_52:0" l2Offset="6332256" numOfDimensions="1" bitsPerElement="8" shift="0" scale="0.03125" format="signed">
                    <dimensions>
                        <dimension size="29" serializationOrder="0" ordinal="0" padding="0"/>
                    </dimensions>
                </outputTensor>
            </outputTensors>
        </network>
    </networks>
    <l2memory totalSize="8388480" coefficientsSize="889824" reservedMemorySize="1024" networksRuntimeSize="1166400"/>
</dnnParams>
